Name,num_imgs,Layers,Feat,Lr ,STD,n_sample,TIME TAKEN,PSNR
178,26,4,64,0.0002,0.14,16,175,19.058886
178,26,4,64,0.0001,0.12,16,183,18.801233
178,26,4,64,0.0001,0.12,16,185,18.801233
178,26,4,64,0.0001,0.12,16,183,18.801233
178,26,4,64,0.0001,0.12,16,184,18.801233
178,26,4,128,0.0001,0.14,16,197,19.244514
178,26,4,128,0.0001,0.14,16,199,19.244514
178,26,4,128,0.0001,0.14,16,198,19.244514
178,26,6,128,0.0001,0.12,16,203,19.450167
178,26,6,128,0.0002,0,16,206,19.70505
178,26,6,128,0.0002,0.14,16,209,19.69829
178,26,6,128,0.0001,0,16,207,19.434843
178,26,6,128,0.0002,0.12,16,210,19.828331
178,26,6,128,0.0001,0.14,16,213,19.420183
178,26,10,256,0.0005,0,32,611,21.205946
178,26,10,256,0.0005,0,32,609,21.205946
178,26,10,256,0.0005,0,32,610,21.205946
178,26,6,256,0.0005,0.12,16,256,20.997093
178,26,6,256,0.0005,0,64,894,20.918175
178,26,10,256,0.0002,0,16,328,20.909758
178,26,10,256,0.0002,0,16,327,20.909758
178,26,10,256,0.0002,0,16,329,20.909758
178,26,6,256,0.0005,0,16,257,20.906878
178,26,6,256,0.0005,0,72,1002,20.885
178,26,6,256,0.0005,0.12,32,476,20.871971
178,26,6,256,0.0005,0.12,64,891,20.824347
178,26,10,256,0.0002,0,32,608,20.812799
168,26,4,64,0.0002,0.12,16,189,18.028658
168,26,6,128,0.0001,0.12,16,213,18.623598
168,26,6,128,0.0002,0.12,16,213,18.978664
168,26,6,128,0.0005,0.12,16,214,19.261141
168,26,6,128,0.0002,0,16,214,18.968889
168,26,6,128,0.0001,0.14,16,214,18.402571
168,26,6,128,0.0002,0.14,16,214,18.947104
168,26,6,128,0.0005,0.14,16,215,19.430107
168,26,6,128,0.0001,0,16,215,18.550999
168,26,6,128,0.0005,0,16,217,19.310713
168,26,4,256,0.0001,0,16,221,18.560389
168,26,4,256,0.0001,0,16,219,18.560389
168,26,4,256,0.0001,0,16,222,18.560389
168,26,4,256,0.0001,0,16,223,18.560389
168,26,4,256,0.0001,0,16,220,18.560389
168,26,10,256,0.0005,0.14,64,1180,19.902786
168,26,10,256,0.0005,0.14,64,1179,19.902786
168,26,10,256,0.0005,0.14,64,1177,19.902786
168,26,10,256,0.0005,0.14,64,1178,19.902786
168,26,8,256,0.0005,0.14,64,1038,19.80736
168,26,6,256,0.0005,0,64,901,19.690151
168,26,6,256,0.0005,0,16,260,19.668877
168,26,6,256,0.0005,0,32,475,19.665146
168,26,8,256,0.0002,0,16,296,19.587454
168,26,8,256,0.0002,0.12,16,298,19.464418
168,26,8,256,0.0002,0.12,16,299,19.464418
168,26,8,256,0.0002,0.12,16,297,19.464418
168,26,6,128,0.0005,0.12,72,770,19.456789
168,26,6,128,0.0005,0.12,64,685,19.45071
168,26,6,128,0.0005,0.14,64,686,19.443663
167,26,4,64,0.0001,0.12,16,188,15.459193
167,26,4,64,0.0001,0.12,16,189,15.459193
167,26,4,64,0.0001,0.12,16,186,15.459193
167,26,4,64,0.0001,0.12,16,187,15.459193
167,26,6,128,0.0005,0,16,208,16.991201
167,26,6,128,0.0002,0,16,212,16.759069
167,26,6,128,0.0001,0.12,16,214,16.201187
167,26,4,128,0.0001,0.14,32,306,15.680703
167,26,4,128,0.0001,0.14,32,305,15.680703
167,26,4,128,0.0001,0.14,32,308,15.680703
167,26,4,128,0.0001,0.14,32,307,15.680703
167,26,8,64,0.0001,0.14,32,350,15.708023
167,26,8,64,0.0001,0.14,32,349,15.708023
167,26,8,64,0.0001,0.14,32,352,15.708023
167,26,8,64,0.0001,0.14,32,351,15.708023
167,26,6,128,0.0002,0.14,32,361,16.646326
167,26,6,128,0.0001,0.12,32,361,16.075975
167,26,6,128,0.0005,0.12,32,362,17.022469
167,26,8,128,0.0001,0.12,32,409,16.383009
167,26,8,128,0.0001,0.12,32,407,16.383009
167,26,8,128,0.0001,0.12,32,410,16.383009
167,26,8,128,0.0001,0.12,32,408,16.383009
167,26,10,256,0.0005,0.12,72,1312,17.767782
167,26,10,256,0.0005,0.12,72,1311,17.767782
167,26,10,256,0.0005,0.12,72,1310,17.767782
167,26,10,256,0.0005,0.12,72,1313,17.767782
167,26,10,256,0.0005,0.12,64,1170,17.763048
167,26,8,256,0.0005,0.14,64,1030,17.750715
167,26,8,256,0.0005,0.14,64,1029,17.750715
167,26,8,256,0.0005,0.14,64,1031,17.750715
167,26,10,128,0.0005,0.14,72,980,17.550116
167,26,10,256,0.0002,0.12,64,1172,17.43693
167,26,10,128,0.0005,0,64,873,17.398939
167,26,10,256,0.0002,0.12,72,1315,17.388388
167,26,6,128,0.0005,0,72,762,17.202354
167,26,6,128,0.0005,0.14,32,361,17.152031
167,26,6,128,0.0005,0,64,682,17.021955
166,26,4,64,0.0005,0.12,16,178,17.641691
166,26,6,64,0.0001,0.12,16,200,16.848909
166,26,6,64,0.0005,0.14,16,203,18.14127
166,26,6,128,0.0002,0.12,16,210,18.185877
166,26,6,128,0.0002,0,16,211,18.167803
166,26,6,128,0.0001,0.14,16,211,17.518414
166,26,6,128,0.0001,0,16,211,17.612289
166,26,10,128,0.0005,0.14,16,257,18.754953
166,26,4,128,0.0005,0.14,32,306,18.116732
166,26,6,128,0.0001,0.12,32,360,17.51552
166,26,10,256,0.0005,0.12,16,324,19.102762
166,26,10,256,0.0005,0.12,64,1169,19.08003
166,26,6,256,0.0005,0,64,892,18.987516
166,26,8,256,0.0005,0.12,64,1028,18.882856
166,26,6,256,0.0005,0,32,470,18.872841
166,26,4,256,0.0005,0,32,387,18.792221
166,26,6,128,0.0005,0.12,16,211,18.716581
166,26,6,128,0.0005,0.14,72,763,18.703913
166,26,6,128,0.0005,0.14,16,212,18.618954
166,26,6,128,0.0005,0,32,362,18.605942
164,25,4,64,0.0005,0.12,16,188,17.296392
164,25,6,128,0.0001,0,16,212,17.29833
164,25,6,128,0.0001,0.14,16,213,17.294344
164,25,6,128,0.0005,0.14,16,213,18.487078
164,25,6,128,0.0005,0,16,215,18.578518
164,25,8,64,0.0005,0.14,16,224,18.058729
164,25,10,128,0.0001,0,16,256,17.906565
164,25,4,64,0.0005,0,32,278,17.268116
164,25,6,128,0.0005,0,32,363,18.67732
164,25,6,128,0.0005,0.12,32,364,18.52527
164,25,8,256,0.0005,0.14,72,1167,19.624428
164,25,10,128,0.0005,0.12,72,982,19.30249
164,25,8,128,0.0005,0.14,72,873,19.276014
164,25,10,128,0.0005,0.14,72,982,19.221548
164,25,8,128,0.0005,0.12,32,411,19.126175
164,25,8,256,0.0002,0.14,72,1164,19.090452
164,25,6,128,0.0005,0.14,64,685,18.875923
164,25,10,128,0.0002,0.14,72,984,18.780203
164,25,6,128,0.0005,0.12,64,684,18.695864
164,25,8,256,0.0001,0.12,64,1034,18.503405
280,26,6,128,0.0002,0.14,16,207,18.952728
280,26,6,128,0.0005,0.14,16,210,17.702471
280,26,6,128,0.0005,0.12,16,214,19.60564
280,26,8,64,0.0005,0.12,16,224,19.072493
280,26,10,64,0.0005,0.12,16,230,19.025904
280,26,10,64,0.0002,0.12,16,232,18.990692
280,26,8,256,0.0005,0.12,16,294,18.76552
280,26,6,64,0.0005,0.12,32,318,19.190447
280,26,6,128,0.0005,0.14,32,361,19.716871
280,26,6,128,0.0002,0.12,32,365,19.005167
280,26,6,256,0.0002,0.14,32,471,18.480583
280,26,6,256,0.0005,0,32,475,20.18825
280,26,6,64,0.0005,0.12,64,576,18.495779
280,26,6,64,0.0005,0,64,580,18.496645
280,26,10,256,0.0005,0,32,612,19.212767
280,26,6,128,0.0005,0.14,64,682,19.677773
280,26,6,128,0.0002,0.12,64,682,18.821661
280,26,6,128,0.0005,0.12,64,685,17.391317
280,26,4,256,0.0005,0.12,64,732,18.752214
280,26,4,256,0.0005,0,64,732,19.745499
280,26,6,128,0.0005,0.12,72,762,19.482
280,26,6,128,0.0002,0.12,72,764,18.668871
280,26,6,256,0.0005,0,64,896,20.461451
280,26,10,128,0.0005,0.14,64,876,19.388411
280,26,6,128,0.0002,0.14,72,763,17.894976
276,26,6,64,0.0005,0.14,16,204,19.883934
276,26,6,128,0.0002,0.12,16,211,19.993048
276,26,6,128,0.0001,0.12,16,213,19.665411
276,26,6,128,0.0002,0.14,16,215,19.920158
276,26,6,128,0.0002,0,16,216,19.973192
276,26,8,128,0.0002,0.14,16,235,20.131502
276,26,10,128,0.0001,0.14,16,257,20.013525
276,26,6,256,0.0005,0,16,260,21.567774
276,26,8,256,0.0002,0.12,16,296,20.74325
276,26,8,256,0.0001,0.14,16,296,20.354179
276,26,6,128,0.0002,0.12,32,363,19.913347
276,26,6,128,0.0002,0,32,364,20.023703
276,26,6,128,0.0001,0.12,32,364,19.68857
276,26,6,128,0.0001,0.14,32,365,19.624973
276,26,4,256,0.0005,0.14,32,391,21.018738
276,26,8,128,0.0002,0.12,32,413,20.285086
276,26,6,64,0.0001,0,16,438,19.316963
276,26,6,256,0.0005,0,32,473,21.615808
276,26,4,64,0.0001,0.12,72,556,18.968592
276,26,10,256,0.0005,0,32,613,21.874283
276,26,6,128,0.0002,0.12,64,685,19.909044
276,26,6,128,0.0005,0.14,64,685,20.391682
276,26,6,128,0.0005,0.12,64,686,20.52951
276,26,6,128,0.0001,0.12,64,686,19.701777
276,26,6,128,0.0002,0,64,686,19.906939
276,26,6,256,0.0002,0.12,72,1008,20.461721
276,26,6,256,0.0005,0,64,901,21.448074
276,26,6,256,0.0001,0,64,900,19.998232
276,26,8,128,0.0002,0,72,770,20.221914
276,26,6,128,0.0002,0.14,72,770,19.945608
269,26,6,128,0.0001,0.14,16,212,20.680542
269,26,6,128,0.0005,0.12,16,213,21.006693
269,26,6,128,0.0001,0.12,16,214,20.615919
269,26,6,128,0.0005,0,16,215,21.128679
269,26,6,128,0.0002,0,16,216,20.863386
269,26,4,256,0.0005,0.14,16,218,21.137232
269,26,8,64,0.0001,0.12,16,222,20.609812
269,26,6,128,0.0001,0,16,214,20.747026
269,26,6,128,0.0005,0.14,16,213,21.075039
269,26,10,256,0.0005,0.12,16,328,21.320848
269,26,6,128,0.0005,0.12,32,363,21.216209
269,26,6,128,0.0002,0,32,364,20.727747
269,26,6,128,0.0005,0.14,32,365,21.084608
269,26,6,128,0.0002,0.12,32,366,20.763636
269,26,6,128,0.0002,0.12,32,366,20.763636
269,26,4,256,0.0001,0.12,32,389,20.53598
269,26,8,128,0.0001,0.14,32,412,20.781174
269,26,6,256,0.0002,0.12,32,471,21.063967
269,26,6,256,0.0002,0,32,473,21.010265
269,26,10,256,0.0005,0,32,610,21.242615
269,26,10,256,0.0005,0.12,32,615,21.337067
269,26,4,128,0.0005,0.14,72,640,20.995878
269,26,6,128,0.0001,0.12,64,684,20.710411
269,26,6,128,0.0005,0.12,64,685,20.998306
269,26,6,128,0.0001,0,64,688,20.687971
269,26,10,256,0.0002,0.12,72,1327,21.214495
269,26,10,256,0.0005,0.12,72,1325,21.545019
269,26,10,256,0.0002,0,72,1323,21.309204
269,26,10,256,0.0005,0.14,72,1320,21.380243
269,26,10,256,0.0005,0.14,64,1184,21.300423
269,26,10,256,0.0002,0,64,1182,21.237913
269,26,10,256,0.0005,0.12,64,1177,21.328482
269,26,6,256,0.0005,0,72,1004,21.116163
269,26,10,64,0.0001,0.12,64,781,20.73481
269,26,8,128,0.0005,0.12,64,781,21.197216
264,26,6,128,0.0005,0.14,16,212,20.909998
264,26,6,128,0.0005,0.12,16,213,21.178711
264,26,6,128,0.0001,0.14,16,214,19.948378
264,26,6,128,0.0002,0.14,16,218,20.506987
264,26,10,128,0.0002,0.12,16,256,21.129301
264,26,4,128,0.0001,0,32,308,19.614912
264,26,6,128,0.0005,0.14,32,212,21.036097
264,26,6,128,0.0005,0.12,32,213,21.015081
264,26,6,128,0.0002,0,32,214,20.319838
264,26,6,128,0.0002,0.12,32,218,20.448412
264,26,10,128,0.0005,0.14,32,256,21.571581
264,26,6,256,0.0002,0.14,32,311,20.945391
264,26,4,128,0.0002,0.12,32,539,20.020634
264,26,6,64,0.0001,0,64,577,19.543751
264,26,6,128,0.0001,0.14,64,684,19.940481
264,26,6,128,0.0005,0.14,64,686,21.223845
264,26,10,64,0.0005,0,64,730,21.132021
264,26,6,128,0.0001,0.14,72,765,19.8911
264,26,6,128,0.0002,0.14,72,767,20.349295
264,26,10,64,0.0005,0,64,730,21.132021
264,26,4,256,0.0001,0.12,72,822,19.97212
264,26,8,128,0.0001,0.14,72,875,20.367945
264,26,10,128,0.0005,0.12,64,879,21.690735
264,26,6,256,0.0001,0,64,899,20.431196
264,26,8,256,0.0002,0.12,72,1162,21.40946
264,26,10,256,0.0005,0.12,64,1180,22.171797
264,26,10,256,0.0001,0.14,72,1318,21.238428
264,26,10,256,0.0001,0,72,1322,21.227118
260,26,4,64,0.0002,0.12,16,193,18.261589
260,26,6,64,0.0001,0.14,16,214,18.444878
260,26,6,128,0.0005,0.14,16,220,19.152134
260,26,6,128,0.0001,0,16,220,18.479132
260,26,6,128,0.0002,0.12,16,221,18.54533
260,26,6,128,0.0002,0.12,16,221,18.54533
260,26,6,128,0.0002,0.14,16,222,18.683794
260,26,4,256,0.0002,0.12,16,228,18.585865
260,26,10,64,0.0002,0,16,239,18.845215
260,26,10,64,0.0002,0.12,16,239,18.647955
260,26,10,128,0.0002,0.12,16,265,19.127361
260,26,6,256,0.0005,0,16,267,19.076889
260,26,4,64,0.0001,0.12,32,283,18.056374
260,26,8,256,0.0005,0.12,16,300,19.874161
260,26,6,128,0.0002,0.12,32,370,18.626415
260,26,6,128,0.0001,0.14,32,370,18.693001
260,26,6,128,0.0001,0,32,371,18.569975
260,26,6,128,0.0001,0.12,32,371,18.700771
260,26,6,128,0.0005,0.14,32,371,19.025433
260,26,10,64,0.0002,0.12,32,396,18.870218
260,26,10,128,0.0005,0.12,32,469,19.123446
260,26,6,256,0.0005,0,32,484,18.852163
260,26,8,256,0.0001,0,32,552,18.956127
260,26,6,64,0.0005,0.14,64,587,18.888645
260,26,6,128,0.0005,0,64,693,18.95332
260,26,6,128,0.0002,0.12,64,694,18.656223
260,26,6,128,0.0005,0.14,64,695,19.002056
260,26,6,128,0.0001,0.14,64,696,18.767437
260,26,6,128,0.0001,0.12,64,697,18.587753
260,26,6,128,0.0002,0.14,72,717,18.722692
260,26,8,128,0.0005,0,64,825,19.385426
260,26,10,64,0.0002,0.12,72,825,18.829872
260,26,4,256,0.0001,0,72,836,18.159136
260,26,8,256,0.0005,0,64,1057,19.923149
251,26,6,128,0.0001,0.12,16,207,16.574938
251,26,6,128,0.0001,0,16,207,16.66288
251,26,6,128,0.0005,0,16,210,18.124966
251,26,4,256,0.0002,0.12,16,219,17.373274
251,26,10,64,0.0005,0.14,16,232,17.662601
251,26,6,256,0.0005,0,16,258,18.704527
251,26,4,64,0.0005,0.14,32,280,16.829054
251,26,8,64,0.0001,0,32,355,15.963535
251,26,6,128,0.0002,0,32,362,17.277571
251,26,6,128,0.0002,0.12,32,363,17.280846
251,26,4,64,0.0002,0.14,16,421,18.750204
251,26,6,256,0.0005,0.12,32,421,18.750204
251,26,10,256,0.0005,0.12,32,610,19.353914
251,26,10,256,0.0002,0.12,32,611,18.83135
251,26,6,128,0.0005,0.14,64,682,18.000866
251,26,6,128,0.0001,0,64,683,16.719866
251,26,6,128,0.0005,0.12,64,685,18.081404
251,26,10,64,0.0005,0.12,64,730,17.978172
251,26,4,256,0.0002,0,64,735,17.447821
251,26,8,64,0.0005,0,72,736,17.642252
251,26,8,256,0.0002,0,72,1159,18.368378
251,26,6,256,0.0005,0,72,1003,18.655664
251,26,6,256,0.0005,0,64,899,18.804625
251,26,6,256,0.0005,0.12,64,894,18.714106
251,26,4,256,0.0002,0,72,821,17.369665
251,26,8,128,0.0002,0,64,779,17.709448
251,26,6,128,0.0002,0.12,72,765,17.259233
251,26,4,256,0.0002,0,72,821,17.369665
240,4,4,64,0.0001,0.14,16,325,16.259666
240,4,6,128,0.0002,0.14,16,361,15.508247
240,4,6,128,0.0005,0.12,16,363,15.133606
240,4,4,64,0.0002,0.12,32,427,15.939598
240,4,4,64,0.0005,0.14,32,428,15.358481
240,4,6,256,0.0005,0,16,435,14.479498
240,4,8,256,0.0005,0,16,485,14.607542
240,4,6,128,0.0002,0.14,32,543,15.579159
240,4,6,128,0.0001,0.12,32,545,15.90262
240,4,6,128,0.0002,0.12,32,548,15.563694
240,4,4,64,0.0002,0.14,64,672,15.96813
240,4,6,256,0.0005,0,32,767,14.366555
240,4,6,64,0.0005,0.14,64,775,15.330284
240,4,8,256,0.0002,0.12,32,789,14.769611
240,4,6,64,0.0005,0.14,72,891,15.326531
240,4,6,128,0.0002,0.14,64,924,15.691513
240,4,6,128,0.0001,0,64,928,15.818208
240,4,10,64,0.0002,0.12,64,948,15.394114
240,4,10,64,0.0002,0,64,949,15.480469
240,4,6,128,0.0002,0.14,72,971,15.311306
240,4,6,128,0.0001,0.12,72,973,15.870191
240,4,8,128,0.0001,0.14,72,965,15.500732
240,4,10,128,0.0002,0.12,64,967,14.947294
240,4,10,128,0.0001,0.12,64,968,15.699283
240,4,6,256,0.0002,0.14,64,1075,15.200029
240,4,6,256,0.0005,0,72,1390,14.161013
240,4,10,256,0.0005,0,72,1819,14.475968
240,4,8,256,0.0002,0.14,64,1446,14.543958
236,26,6,64,0.0001,0.12,16,202,18.88718
236,26,6,128,0.0005,0.12,16,227,19.410833
236,26,6,128,0.0002,0.14,16,219,19.359594
236,26,6,128,0.0002,0,16,221,19.542208
236,26,6,128,0.0001,0,16,213,19.347265
236,26,4,256,0.0005,0.12,16,237,19.289522
236,26,8,128,0.0001,0,16,238,19.411448
236,26,8,128,0.0001,0.14,16,233,19.411715
236,26,6,256,0.0005,0,16,269,19.327881
236,26,6,128,0.0005,0.14,32,391,19.358335
236,26,10,64,0.0002,0.14,32,396,19.510767
236,26,10,64,0.0002,0.12,32,399,19.662804
236,26,10,128,0.0002,0.14,32,415,19.455006
236,26,6,256,0.0005,0,16,495,19.327881
236,26,4,64,0.0001,0,64,572,18.743008
236,26,4,128,0.0001,0.14,64,572,19.189827
236,26,10,256,0.0002,0.12,32,579,19.456312
236,26,6,256,0.0005,0.12,64,596,19.296824
236,26,6,256,0.0002,0.14,64,601,19.515001
236,26,10,128,0.0005,0,72,659,19.385986
236,26,6,256,0.0005,0,72,671,19.393837
236,26,6,256,0.0002,0.14,64,685,19.24906
236,26,10,256,0.0005,0,72,659,19.406715
236,26,4,256,0.0001,0,72,643,19.576984
236,26,6,128,0.0005,0.12,64,656,19.515001
236,26,6,256,0.0005,0,64,660,19.474022
236,26,10,128,0.0002,0.12,64,659,19.394976
236,26,6,256,0.0005,0,64,676,19.526993
236,26,8,256,0.0002,0.12,64,690,19.322348
224,26,6,128,0.0001,0,16,210,18.898195
224,26,6,128,0.0005,0.12,16,212,19.142624
224,26,6,128,0.0002,0.14,16,212,19.307417
224,26,4,256,0.0001,0,16,222,18.949461
224,26,10,128,0.0005,0.12,16,255,20.041006
224,26,10,128,0.0005,0,16,257,20.160276
224,26,10,128,0.0005,0.14,16,258,20.113106
224,26,10,128,0.0001,0,16,261,19.21076
224,26,10,256,0.0002,0,16,330,20.082644
224,26,8,64,0.0001,0,32,356,18.39366
224,26,6,128,0.0002,0,32,363,19.216986
224,26,6,128,0.0005,0,32,364,19.846481
224,26,4,256,0.0001,0.14,32,392,18.909685
224,26,10,64,0.0005,0.14,32,393,19.704184
224,26,10,128,0.0001,0.14,32,459,19.240425
224,26,6,256,0.0002,0.14,32,473,19.621546
224,26,8,128,0.0002,0.14,64,654,18.970842
224,26,6,128,0.0002,0.14,64,683,19.26898
224,26,6,128,0.0001,0.14,64,684,18.83576
224,26,10,64,0.0005,0.14,64,730,19.807543
224,26,10,64,0.0005,0,64,731,19.749763
224,26,4,256,0.0002,0.14,64,736,19.144835
224,26,8,128,0.0002,0.14,64,782,19.637369
224,26,10,64,0.0005,0,72,821,19.695763
224,26,6,256,0.0001,0.12,64,901,19.292591
224,26,10,128,0.0005,0.12,72,982,20.021441
224,26,10,128,0.0005,0,72,984,20.176847
224,26,10,256,0.0002,0.14,72,1324,20.081745
416,,4,64,0.0002,0.14,16,185,19.404825
416,,6,64,0.0005,0.14,16,201,20.232515
416,,6,128,0.0005,0.12,16,206,20.715384
416,,6,128,0.0005,0,16,209,20.817884
416,,6,128,0.0002,0,16,210,20.103579
416,,8,64,0.0005,0.14,16,210,20.394232
416,,8,64,0.0002,0,16,220,19.871603
416,,8,128,0.0005,0,16,230,21.38098
416,,10,64,0.0005,0,16,230,20.630117
416,,6,256,0.0005,0,16,255,21.248863
416,,4,64,0.0005,0.14,32,277,19.849203
416,,8,256,0.0005,0.14,16,290,21.490732
416,,4,128,0.0005,0.14,32,310,20.314276
416,,4,128,0.0001,0.12,32,307,19.543913
416,,6,128,0.0002,0,32,359,20.223835
416,,6,128,0.0005,0,32,360,20.684643
416,,10,64,0.0002,0.14,32,389,20.077494
416,,6,256,0.0005,0,32,468,21.197052
416,,4,64,0.0005,0.14,64,556,19.938768
416,,4,64,0.0002,0.14,72,556,19.389521
416,,10,256,0.0005,0.12,32,615,21.615637
416,,4,128,0.0002,0.12,72,638,19.782042
416,,6,64,0.0001,0,72,669,19.084244
416,,6,128,0.0002,0.14,64,679,20.177534
416,,6,128,0.0002,0.12,72,679,20.171272
416,,6,128,0.0002,0.14,72,680,20.177229
416,,6,128,0.0001,0.14,72,760,19.710442
416,,6,256,0.0005,0,72,999,21.180397
416,,8,256,0.0005,0,64,1025,21.495111
416,,8,256,0.0002,0,72,1149,20.967775
416,,10,256,0.0001,0.12,64,1169,20.896046
416,,10,256,0.0005,0.12,64,1169,21.56576
412,,4,64,0.0001,0,16,178,18.464823
412,,4,128,0.0002,0.14,16,189,19.024332
412,,4,128,0.0002,0,16,194,19.13665
412,,6,128,0.0005,0.12,16,213,19.955143
412,,6,128,0.0002,0,16,213,19.499601
412,,4,256,0.0002,0.12,16,219,19.432215
412,,8,128,0.0002,0,16,235,20.013918
412,,10,128,0.0005,0,16,265,20.654371
412,,6,256,0.0005,0,16,266,20.214149
412,,6,64,0.0002,0,32,329,19.117607
412,,10,256,0.0001,0.12,16,364,20.018639
412,,6,128,0.0005,0,32,364,20.054842
412,,6,128,0.0001,0,32,364,19.235579
412,,6,128,0.0002,0.14,32,365,19.434801
412,,4,256,0.0001,0.12,32,391,19.091362
412,,8,128,0.0005,0.12,32,411,20.397942
412,,6,256,0.0005,0,32,472,20.565924
412,,4,64,0.0001,0.14,72,550,18.379059
412,,4,128,0.0001,0,64,573,18.764784
412,,6,64,0.0002,0,64,579,18.960764
412,,6,64,0.0001,0,64,583,18.646749
412,,10,256,0.0005,0,32,613,20.807482
412,,10,256,0.0002,0.14,32,614,20.556395
412,,10,256,0.0005,0.14,32,614,20.825571
412,,4,128,0.0001,0,72,701,18.743696
412,,6,128,0.0001,0.12,64,725,19.290871
412,,6,128,0.0001,0.14,64,685,19.219643
412,,6,128,0.0002,0.12,64,687,19.642328
412,,6,256,0.0005,0,64,901,20.807497
412,,6,256,0.0005,0,72,1013,20.224707
412,,8,256,0.0002,0,72,1163,20.166891
359,,4,64,0.0001,0,16,186,17.935392
359,,6,64,0.0002,0.12,16,201,18.262875
359,,6,128,0.0002,0.14,16,211,18.665255
359,,6,128,0.0001,0.12,16,212,18.376284
359,,6,128,0.0005,0.12,16,214,19.694468
359,,10,128,0.0005,0.12,16,255,19.996429
359,,6,256,0.0005,0,16,258,20.353506
359,,6,128,0.0005,0.12,32,363,19.70509
359,,6,256,0.0005,0,32,471,20.448456
359,,6,256,0.0005,0.12,32,500,20.182802
359,,4,64,0.0002,0.14,64,541,18.003851
359,,8,256,0.0005,0.12,32,561,20.75633
359,,4,64,0.0005,0.14,72,610,19.674829
359,,10,256,0.0001,0,32,615,21.080374
359,,10,256,0.0005,0.12,32,651,18.815413
359,,8,64,0.0005,0.12,64,653,18.872023
359,,6,128,0.0002,0.14,64,685,18.5989
359,,6,128,0.0005,0,64,685,19.874083
314,,6,64,0.0001,0.12,16,201,18.52504
314,,6,128,0.0005,0.14,16,211,19.907125
314,,6,128,0.0001,0.12,16,213,18.790033
314,,8,64,0.0005,0.14,16,306,19.305357
314,,4,128,0.0001,0.14,32,361,18.469809
314,,6,128,0.0005,0,32,362,19.796076
314,,6,128,0.0002,0.12,32,452,18.889467
314,,10,64,0.0001,0.12,16,457,18.829273
314,,10,128,0.0005,0.12,32,459,20.460075
314,,10,128,0.0001,0.12,32,459,19.08787
314,,10,128,0.0002,0.12,32,470,19.268972
314,,6,256,0.0005,0,32,542,19.842196
314,,8,256,0.0005,0,32,581,20.108751
314,,6,64,0.0001,0,64,608,18.536865
314,,10,256,0.0002,0.12,32,610,20.21991
314,,10,256,0.0005,0.12,32,649,20.465248
314,,8,64,0.0005,0.14,64,653,19.38199
314,,6,64,0.0001,0.14,72,682,18.445505
314,,6,128,0.0005,0.12,64,682,19.542269
314,,10,64,0.0005,0.12,64,729,19.234518
314,,6,128,0.0001,0.14,72,763,18.826025
314,,6,128,0.0002,0.14,72,822,18.983398
314,,4,256,0.0001,0.14,72,871,18.720497
314,,8,128,0.0002,0,72,894,19.1357
314,,6,256,0.0005,0,64,983,20.119577
314,,10,128,0.0005,0.12,72,1033,20.475214
314,,8,256,0.0001,0,64,1157,19.482075
314,,8,256,0.0005,0,72,1174,19.973137
314,,10,256,0.0002,0.12,64,1316,20.277548
314,,10,256,0.0005,0.12,72,1318,20.414175
314,,10,256,0.0002,0.12,72,1229,20.299017
204,,6,128,0.0002,0,16,211,19.169424
204,,6,128,0.0001,0.12,16,214,18.811745
204,,6,128,0.0005,0.14,16,255,19.679907
204,,10,128,0.0005,0.14,16,258,20.299269
204,,6,256,0.0002,0.12,16,259,19.687204
204,,6,256,0.0005,0,16,278,20.139387
204,,4,64,0.0001,0.12,32,295,17.725588
204,,8,256,0.0001,0,16,317,19.523369
204,,6,64,0.0001,0.12,32,353,18.225637
204,,8,64,0.0002,0,32,362,18.730942
204,,6,128,0.0001,0.14,32,362,18.860498
204,,6,256,0.0005,0,32,470,20.301188
204,,6,256,0.0005,0.12,32,498,20.23773
204,,4,64,0.0002,0.12,64,508,18.201982
204,,4,64,0.0002,0,32,556,18.233467
204,,4,64,0.0002,0.12,72,572,18.288441
204,,4,128,0.0001,0.12,64,609,18.392635
204,,10,256,0.0005,0.12,32,610,20.478125
204,,10,256,0.0005,0.14,32,615,20.546926
204,,10,256,0.0005,0,32,682,20.724289
204,,6,128,0.0002,0.14,64,685,19.034533
204,,6,128,0.0002,0.12,64,782,19.196226
204,,8,128,0.0001,0.12,64,878,19.134287
204,,10,128,0.0001,0.12,64,894,19.147888
204,,6,256,0.0005,0,64,1159,20.364412
204,,8,256,0.0002,0.14,72,1175,19.974337
204,,10,256,0.0002,0,64,1316,20.334887
203,,6,64,0.0005,0.12,16,192,19.456861
203,,6,128,0.0001,0.14,16,213,19.231962
203,,6,128,0.0002,0.14,16,219,19.514261
203,,4,256,0.0001,0,16,222,19.144337
203,,6,128,0.0005,0.14,16,231,20.223234
203,,10,64,0.0005,0.12,16,231,20.271233
203,,10,64,0.0002,0,16,257,19.37462
203,,10,128,0.0002,0.14,16,259,20.348314
203,,6,256,0.0005,0,16,295,21.237803
203,,8,256,0.0001,0,16,321,20.10763
203,,6,64,0.0001,0.14,32,355,18.823376
203,,8,64,0.0002,0,32,364,19.312023
203,,6,128,0.0005,0.12,32,385,20.584673
203,,6,128,0.0001,0.14,32,473,19.231041
203,,6,256,0.0005,0.12,32,474,21.220915
203,,6,256,0.0005,0,32,559,21.389471
203,,4,64,0.0001,0.12,72,584,18.541533
203,,6,64,0.0005,0,64,584,19.434298
203,,6,64,0.0002,0,64,685,19.033579
203,,6,128,0.0002,0.14,64,736,19.475542
203,,10,64,0.0005,0,64,766,20.336004
203,,6,128,0.0002,0.12,72,790,18.556816
203,,4,64,0.0001,0,72,877,19.42425
203,,8,128,0.0001,0.14,72,902,21.334528
203,,6,256,0.0005,0.12,64,1006,21.230856
203,,8,256,0.0005,0,64,1019,21.64102
203,,8,256,0.0005,0.12,64,1019,21.702139
203,,8,256,0.0005,0.14,64,1019,21.659195
179,,4,64,0.0001,0.14,16,215,18.432978
179,,6,64,0.0005,0.12,16,218,19.359097
179,,6,64,0.0001,0.12,16,233,18.2145
179,,6,128,0.0005,0,16,233,19.547943
179,,6,128,0.0001,0.14,16,235,18.295078
179,,6,128,0.0005,0.12,16,253,19.274715
179,,8,128,0.0005,0.14,16,253,19.1856
179,,10,64,0.0001,0,16,280,18.238792
179,,10,128,0.0001,0.14,16,281,18.616291
179,,10,128,0.0002,0.14,16,285,19.385195
179,,6,256,0.0005,0,16,307,19.16806
179,,4,128,0.0005,0.14,16,376,19.498297
179,,8,64,0.0001,0.14,32,388,18.249916
179,,6,128,0.0002,0.12,32,388,19.095718
179,,6,128,0.0001,0.12,32,388,18.605183
179,,6,128,0.0005,0,32,416,19.419506
179,,4,256,0.0001,0,32,421,18.549881
179,,4,256,0.0005,0,32,422,20.04624
179,,4,256,0.0005,0.14,32,504,20.051039
179,,6,256,0.0005,0,32,675,19.931538
179,,6,64,0.0001,0.14,72,678,18.191879
179,,6,64,0.0002,0.12,72,715,18.916309
179,,6,128,0.0002,0,64,718,19.377775
179,,6,128,0.0005,0,64,736,19.556969
179,,6,128,0.0001,0,64,779,18.488251
179,,6,128,0.0001,0.12,72,817,18.450161
179,,8,128,0.0005,0.14,64,910,19.075722
179,,8,128,0.0002,0.12,72,914,19.346659
179,,10,128,0.0005,0,64,915,19.177275
179,,8,128,0.0002,0.14,72,947,19.366402
179,,6,256,0.0005,0,64,947,19.502773
179,,6,256,0.0005,0.12,64,1063,20.027023
179,,6,256,0.0005,0,72,1385,20.064722
179,,10,256,0.0001,0,72,1380,19.210438
161,,4,128,0.0002,0.14,16,203,19.89361
161,,6,64,0.0005,0.12,16,209,20.489374
161,,6,128,0.0005,0.12,16,209,21.288654
161,,6,128,0.0001,0,16,259,20.014246
161,,6,256,0.0005,0.14,16,260,21.886023
161,,6,256,0.0005,0,16,307,21.983446
161,,4,128,0.0002,0.12,32,326,20.01156
161,,10,256,0.0005,0.14,16,328,22.309862
161,,10,256,0.0002,0.14,16,362,22.012579
161,,6,128,0.0005,0,32,363,21.174799
161,,6,128,0.0001,0.12,32,363,19.950006
161,,4,128,0.0002,0.14,32,388,20.347832
161,,6,256,0.0005,0.12,32,471,21.851074
161,,6,256,0.0005,0,32,573,21.923994
161,,4,64,0.0005,0.14,72,683,20.082344
161,,6,128,0.0002,0.14,64,684,20.481293
161,,6,128,0.0001,0.12,64,732,20.059746
161,,8,64,0.0001,0.14,72,735,19.600779
161,,10,64,0.0001,0,64,765,19.746483
161,,6,128,0.0001,0.14,72,782,20.010347
161,,10,128,0.0002,0,64,794,20.812231
161,,10,128,0.0002,0,72,896,20.721766
161,,10,128,0.0002,0.12,64,896,21.157026
161,,6,256,0.0001,0.14,64,897,21.091467
161,,6,256,0.0005,0,64,1008,20.460966
161,,8,128,0.0005,0.12,64,1008,21.878067
161,,6,256,0.0005,0,72,1161,21.710962
161,,8,256,0.0002,0.14,72,1161,21.909281
161,,8,256,0.0001,0,72,1320,20.948069
159,,6,128,0.0002,0.14,16,217,21.709663
159,,6,128,0.0005,0.12,16,218,22.153416
159,,4,256,0.0002,0.12,16,223,21.667915
159,,4,256,0.0002,0,16,228,21.692295
159,,8,64,0.0002,0.14,16,261,21.200356
159,,10,128,0.0001,0,16,303,21.696333
159,,8,256,0.0005,0,16,338,22.548891
159,,10,256,0.0001,0.12,16,362,22.191448
159,,8,64,0.0002,0,32,369,21.163239
159,,6,128,0.0001,0,32,369,21.13703
159,,6,128,0.0005,0,32,419,22.004301
159,,8,128,0.0002,0.14,32,481,22.001495
159,,6,256,0.0005,0,32,619,22.555368
159,,10,256,0.0001,0,32,654,22.277996
159,,6,64,0.0002,0.12,72,655,20.954754
159,,6,64,0.0001,0.12,72,660,20.245277
159,,8,64,0.0001,0.12,64,692,20.623604
159,,6,128,0.0002,0.12,64,696,21.533871
159,,6,128,0.0005,0,64,696,22.219761
159,,6,128,0.0005,0.14,72,775,22.122231
159,,10,64,0.0001,0,72,885,21.005047
159,,10,128,0.0005,0,64,912,22.497387
159,,6,256,0.0005,0.12,64,914,22.333715
159,,6,256,0.0005,0,64,1020,22.5453
159,,6,256,0.0002,0.12,72,1056,22.042412
159,,8,256,0.0002,0.12,64,1193,22.289673
159,,10,256,0.0005,0,64,1334,22.710773
159,,10,256,0.0001,0.14,72,1339,22.158371
159,,10,256,0.0005,0.14,72,1488,22.587723
159,,10,256,0.0005,0,72,1488,22.815226
156,,4,128,0.0002,0.14,16,195,20.314554
156,,6,64,0.0002,0.12,16,212,20.137949
156,,6,128,0.0001,0,16,213,20.309158
156,,6,128,0.0002,0.12,16,219,20.756783
156,,4,256,0.0005,0.12,16,329,21.26046
156,,10,256,0.0001,0,16,333,21.502562
156,,10,256,0.0005,0,16,356,22.590815
156,,8,64,0.0002,0.14,32,364,20.309862
156,,6,128,0.0005,0,32,365,21.51165
156,,6,128,0.0005,0.14,32,385,21.387857
156,,6,128,0.0001,0.12,32,392,20.295752
156,,10,64,0.0005,0,32,392,21.271738
156,,10,64,0.0002,0.12,32,394,20.735823
156,,10,64,0.0002,0,32,460,20.737129
156,,10,128,0.0001,0,32,461,20.825697
156,,10,128,0.0002,0,32,474,21.460619
156,,6,256,0.0005,0,32,485,22.268219
156,,6,256,0.0002,0.12,16,498,21.339121
156,,4,64,0.0005,0.12,64,582,20.183346
156,,6,64,0.0005,0.14,64,656,20.850718
156,,8,64,0.0005,0,64,686,21.109819
156,,6,128,0.0005,0,64,686,21.476591
156,,6,128,0.0005,0.12,64,702,21.282799
156,,6,128,0.0005,0.14,64,688,21.46903
156,,6,128,0.0001,0,64,732,20.338905
156,,8,64,0.0001,0.14,72,737,19.703066
156,,4,256,0.0001,0,64,767,20.399721
156,,6,128,0.0005,0.12,72,768,21.544609
156,,6,128,0.0005,0,72,819,21.368422
156,,10,64,0.0005,0.12,72,902,21.253851
156,,6,256,0.0005,0,64,1041,22.116373
156,,8,256,0.0001,0.12,64,1180,21.284613
156,,10,256,0.0005,0,64,1184,22.763575
156,,10,256,0.0001,0,64,1273,21.631567
149,,4,128,0.0001,0.12,16,220,20.205305
149,,6,128,0.0005,0.12,16,224,20.862223
149,,6,128,0.0002,0.12,16,229,20.380199
149,,6,128,0.0001,0.12,16,243,20.323462
149,,10,64,0.0002,0,16,249,20.078188
149,,8,128,0.0001,0.12,16,276,20.078188
149,,6,256,0.0005,0,16,291,20.061113
149,,4,64,0.0002,0.14,32,368,20.279818
149,,8,64,0.0001,0.12,32,379,21.007977
149,,6,128,0.0005,0.12,32,380,20.396969
149,,6,128,0.0002,0.12,32,381,20.246927
149,,6,128,0.0002,0,32,479,20.352282
149,,10,128,0.0002,0.12,32,480,20.9251
149,,10,128,0.0005,0.14,32,494,20.69618
149,,6,256,0.0005,0,32,514,21.142174
149,,4,64,0.0002,0.12,64,571,19.927256
149,,4,64,0.0005,0,72,593,20.500954
149,,4,128,0.0001,0.14,64,639,20.168901
149,,10,256,0.0005,0.14,32,640,21.063087
149,,10,256,0.0005,0.12,32,662,21.247461
149,,4,128,0.0001,0.14,72,666,19.921904
149,,6,64,0.0005,0.14,72,673,20.638117
149,,8,64,0.0005,0,64,707,20.861109
149,,6,128,0.0001,0,64,764,20.364609
149,,6,128,0.0005,0,64,789,21.072929
149,,6,128,0.0005,0.12,72,789,21.034262
149,,6,128,0.0005,0.14,72,931,20.942228
149,,6,256,0.0005,0,64,934,21.305887
149,,6,256,0.0005,0.12,64,1041,21.079866
149,,6,256,0.0005,0,72,1202,20.946283
149,,10,128,0.0002,0.14,72,1205,20.778435
149,,8,256,0.0001,0.14,72,1217,20.826309
149,,10,256,0.0005,0.12,64,1221,21.115948
149,,10,256,0.0005,0,64,1242,21.041945
144,,4,64,0.0002,0.14,16,455,16.324469
144,,4,64,0.0005,0.14,16,456,16.14465
144,,4,64,0.0001,0.14,16,482,16.78067
144,,6,64,0.0001,0.14,16,500,16.669666
144,,8,64,0.0002,0.12,16,502,16.324203
144,,8,64,0.0001,0.14,16,503,16.508116
144,,6,128,0.0005,0.12,16,507,16.093895
144,,6,128,0.0001,0.14,16,510,16.732506
144,,6,128,0.0001,0,16,520,16.327785
144,,6,128,0.0005,0.14,16,563,16.285362
144,,4,64,0.0002,0.14,32,567,16.592159
144,,4,64,0.0001,0.14,32,611,17.055161
144,,6,256,0.0005,0,16,633,16.215799
144,,4,128,0.0001,0,32,669,16.71489
144,,8,256,0.0001,0,16,689,15.883013
144,,6,128,0.12,0.0001,32,712,15.93
144,,6,128,0.14,0.0001,32,991,16.52
144,,6,128,0.12,0.0002,32,935,16.15
144,,6,256,0,0.0005,32,939,15.76
144,,6,256,0.14,0.0001,32,994,15.87
144,,4,128,0,0.0005,64,1153,15.99
144,,6,128,0.14,0.0001,64,1008,16.48
144,,6,128,0.12,0.0001,32,712,15.93
144,,6,128,0.14,0.0001,32,991,16.52
144,,6,128,0.12,0.0002,32,935,16.15
144,,6,256,0,0.0005,32,939,15.76
144,,6,256,0.14,0.0001,32,994,15.87
144,,4,128,0,0.0005,64,1153,15.99
144,,6,128,0.14,0.0001,64,1008,16.48
144,,6,128,0.12,0.0005,64,1264,15.88
144,,6,128,0.14,0.0001,72,1304,16.57
144,,8,128,0.12,0.0005,64,1445,15.53
144,,10,128,0.12,0.0005,64,1453,15.27
144,,10,128,0,0.0001,64,1458,15.86
144,,10,128,0,0.0002,64,1587,15.29
144,,10,128,0.12,0.0005,72,1593,15.49
144,,6,256,0,0.0005,64,1593,15.81
144,,10,128,0.14,0.0005,72,1599,15.92
144,,10,128,0.12,0.0001,72,1761,16.19
144,,6,256,0.12,0.0001,72,1765,16
144,,6,256,0,0.0001,72,1767,16.08
122,,4,64,0,0.0005,16,188,20.17
122,,4,128,0.12,0.0001,16,205,19.8
122,,6,64,0.12,0.0002,16,213,19.95
122,,6,128,0.12,0.0002,16,213,20.41
122,,6,128,0.14,0.0005,16,233,21.06
122,,10,64,0,0.0005,16,255,20.92
122,,10,128,0.12,0.0005,16,256,21.45
122,,10,128,0,0.0002,16,257,20.98
122,,6,256,0,0.0005,16,318,21.47
122,,6,64,0.12,0.0005,32,318,20.4
122,,6,64,0,0.0001,32,319,19.62
122,,6,64,0.14,0.0005,32,363,20.51
122,,6,128,0.14,0.0002,32,363,20.47
122,,4,64,0,0.0005,16,188,20.17
122,,4,128,0.12,0.0001,16,205,19.8
122,,6,64,0.12,0.0002,16,213,19.95
122,,6,128,0.12,0.0002,16,213,20.41
122,,6,128,0.14,0.0005,16,233,21.06
122,,10,64,0,0.0005,16,255,20.92
122,,10,128,0.12,0.0005,16,256,21.45
122,,10,128,0,0.0002,16,257,20.98
122,,6,256,0,0.0005,16,318,21.47
122,,6,64,0.12,0.0005,32,318,20.4
122,,6,64,0,0.0001,32,319,19.62
122,,6,64,0.14,0.0005,32,363,20.51
122,,6,128,0.14,0.0002,32,363,20.47
122,,6,128,0.14,0.0002,64,766,20.45
122,,6,128,0.0005,0,72,781,21.05
122,,8,128,0.12,0.0002,64,878,20.64
122,,10,128,0.14,0.0005,64,899,21.53
122,,6,256,0,0.0005,64,902,21.43
122,,6,256,0.12,0.0005,64,1005,21.37
122,,6,256,0,0.0005,72,1176,21.5
122,,10,256,0.14,0.0002,64,1316,21.51
122,,10,256,0.14,0.0001,72,1321,21.07
122,,10,256,0.14,0.0002,72,1321,21.6
122,,10,256,0.14,0.0005,72,1321,21.89
118,,4,64,0,0.0001,16,188,18.71
118,,4,64,0,0.0001,16,196,18.64
118,,4,128,0.12,0.0001,16,210,19.28
118,,6,128,0,0.0002,16,213,19.96
118,,6,128,0.14,0.0005,16,258,20.4
118,,10,128,0,0.0005,16,260,20.94
118,,6,256,0,0.0005,16,295,20.92
118,,8,256,0.14,0.0002,16,296,20.74
118,,8,256,0,0.0002,16,319,20.71
118,,6,64,0,0.0005,32,329,20.03
118,,10,256,0.14,0.0005,16,330,21.08
118,,10,256,0.14,0.0002,16,364,20.91
118,,6,128,0.12,0.0001,32,374,19.74
118,,4,64,0,0.0001,16,188,20.07
118,,4,64,0,0.0001,16,196,19.61
118,,4,128,0.12,0.0001,16,210,19.91
118,,6,128,0,0.0002,16,213,20.4
118,,6,128,0.14,0.0005,16,258,20.01
118,,10,128,0,0.0005,16,260,20.48
118,,6,256,0,0.0005,16,295,20.85
118,,8,256,0.14,0.0002,16,296,20.06
118,,8,256,0,0.0002,16,319,20.47
118,,6,64,0,0.0005,32,329,19.47
118,,10,256,0.14,0.0005,16,330,19.7
118,,10,256,0.14,0.0002,16,364,19.27
118,,6,128,0.12,0.0001,32,374,20.01
118,,10,64,0,0.0002,64,767,20.13
118,,6,128,0,0.0002,72,768,19.97
118,,6,128,0.14,0.0001,72,830,19.64
118,,4,256,0,0.0005,72,876,20.6
118,,8,128,0.12,0.0001,72,901,19.98
118,,6,256,0,0.0005,64,1008,20.94
118,,6,256,0,0.0005,72,1111,20.99
118,,6,256,0.12,0.0002,64,1008,20.31
117,,4,64,0,0.0001,16,220,20.61
117,,6,128,0,0.0002,16,223,21.9
117,,6,128,0.14,0.0001,16,263,20.51
117,,10,128,0.14,0.0001,16,307,21.08
117,,8,256,0.14,0.0002,16,337,22.42
117,,10,256,0.14,0.0001,16,338,22.18
117,,10,256,0.14,0.0002,16,371,22.5
117,,6,128,0.12,0.0001,32,371,20.46
117,,4,64,0,0.0001,16,220,20.61
117,,6,128,0,0.0002,16,223,21.9
117,,6,128,0.14,0.0001,16,263,20.51
117,,10,128,0.14,0.0001,16,307,21.08
117,,8,256,0.14,0.0002,16,337,22.42
117,,10,256,0.14,0.0001,16,338,22.18
117,,10,256,0.14,0.0002,16,371,22.5
117,,6,128,0.12,0.0001,32,371,20.46
117,,10,64,0,0.0001,64,751,20.12
117,,4,256,0.14,0.0001,64,777,20.48
117,,6,128,0.14,0.0005,72,782,21.88
117,,6,128,0.14,0.0001,72,782,20.34
117,,6,128,0.12,0.0002,72,799,20.81
117,,8,128,0.14,0.0001,64,827,20.69
117,,10,64,0.12,0.0002,72,841,21.28
117,,4,256,0.12,0.0005,72,851,22.29
117,,6,64,0.12,0.0005,72,917,20.89
117,,6,256,0,0.0005,64,1028,22.76
117,,6,256,0.14,0.0001,72,1060,20.99
117,,8,256,0.12,0.0002,64,1061,22.6
117,,8,256,0.12,0.0005,64,1164,23.03
117,,8,256,0.14,0.0002,72,1341,22.23
113,,6,64,0,0.0001,16,209,19.77
113,,6,128,0,0.0001,16,211,20.14
113,,6,128,0.14,0.0005,16,292,20.92
113,,8,256,0.12,0.0002,16,354,21.22
113,,8,64,0.12,0.0002,32,356,20.08
113,,8,64,0.12,0.0001,32,362,19.95
113,,6,128,0.12,0.0005,32,362,21.21
113,,6,128,0.14,0.0002,32,363,20.45
113,,4,64,0,0.0001,16,220,20.41
113,,6,128,0,0.0002,16,223,21.31
113,,6,128,0.14,0.0001,16,263,20.75
113,,10,128,0.14,0.0001,16,307,20.75
113,,8,256,0.14,0.0002,16,337,21.66
113,,10,256,0.14,0.0001,16,338,21.89
113,,10,256,0.14,0.0002,16,371,21.08
113,,6,128,0.12,0.0001,32,371,20.98
113,,8,64,0,0.0005,72,735,20.72
113,,4,256,0.14,0.0005,64,777,21.26
113,,6,128,0.14,0.0005,72,782,20.06
113,,6,128,0.14,0.0001,72,782,20.1
113,,8,128,0.12,0.0002,72,799,20.3
113,,4,256,0.12,0.0001,32,803,20.41
113,,6,128,0.12,0.0001,32,803,20.6
113,,6,256,0,0.0005,64,1028,21.47
113,,10,256,0.14,0.0001,32,1321,21.32
105,,4,128,0,0.0001,16,209,20.38
105,,6,128,0,0.0001,16,210,20.8
105,,6,128,0.14,0.0001,16,211,20.57
105,,8,64,0.12,0.0001,16,212,20.43
105,,6,128,0.14,0.0005,16,257,21.53
105,,6,256,0,0.0002,16,258,21.48
105,,6,256,0.14,0.0001,16,301,21
105,,6,128,0.12,0.0001,32,371,22.68
105,,4,128,0.0005,0,32,307,21.191622
105,,8,64,0.0001,0.12,32,362,20.592133
105,,6,128,0.0001,0.12,32,362,21.039103
105,,6,128,0.0002,0.12,32,362,21.837202
105,,6,128,0.0005,0.12,32,364,20.659349
105,,6,128,0.0001,0,32,459,21.235306
105,,10,128,0.0002,0.14,32,460,21.068588
105,,10,128,0.0001,0.14,32,474,22.526907
105,,6,256,0.0005,0,32,500,19.888855
105,,4,64,0.0001,0,64,552,20.644676
105,,4,64,0.0005,0,72,577,20.524416
105,,6,64,0.0002,0.12,64,577,20.524416
105,,6,64,0.0002,0.12,64,638,20.347979
105,,4,128,0.0001,0.14,72,655,20.426191
105,,8,64,0.0001,0.14,64,682,21.756514
105,,6,128,0.0005,0.14,64,683,21.725355
105,,6,128,0.0002,0,64,687,20.75297
105,,6,128,0.0002,0.12,64,733,20.938959
105,,4,256,0.0001,0.12,64,765,20.775829
105,,6,128,0.0001,0,72,765,20.691828
105,,6,128,0.0002,0.12,72,863,20.928497
105,,8,64,0.0001,0.12,64,899,20.421162
105,,6,256,0.0005,0,64,901,22.334391
105,,6,256,0.0001,0,64,981,21.022865
105,,10,128,0.0001,0,72,1004,21.036333
105,,6,256,0.0005,0,72,1158,22.643463
105,,8,256,0.0005,0.14,72,1321,22.842001
105,,10,256,0.0005,0.14,72,1322,22.802896
79,,4,64,0.0005,0,16,185,19.740374
79,,4,64,0.0002,0.14,16,190,19.350256
79,,4,128,0.0005,0.12,16,208,20.513908
79,,6,128,0.0001,0.12,16,209,19.902756
79,,6,128,0.0005,0.12,16,210,20.916679
79,,6,128,0.0005,0.14,16,318,20.946697
79,,6,64,0.0002,0,32,358,19.636169
79,,6,128,0.0005,0,32,359,20.97369
79,,6,128,0.0001,0,32,379,19.885399
79,,4,256,0.0001,0.14,32,467,19.824011
79,,6,256,0.0002,0.12,32,469,20.78359
79,,6,256,0.0005,0,32,497,21.551075
79,,4,64,0.0002,0,64,509,19.207684
79,,10,256,0.0001,0,16,636,20.988703
79,,4,128,0.0002,0.12,72,678,19.764572
79,,6,128,0.0001,0.14,64,678,19.838076
79,,6,128,0.0001,0,64,682,19.917706
79,,6,128,0.0002,0.14,64,732,20.228672
79,,8,64,0.0002,0,72,734,19.895836
79,,4,256,0.0005,0.12,64,735,21.163712
79,,8,64,0.0005,0.14,72,734,20.503431
79,,6,128,0.0005,0.14,72,761,20.88866
79,,6,128,0.0001,0.12,72,815,19.682838
79,,4,256,0.0002,0.14,72,866,20.249615
79,,8,128,0.0005,0.14,72,867,21.359409
79,,8,128,0.0001,0.14,72,869,20.087982
79,,8,128,0.0005,0,72,872,21.308781
79,,10,128,0.0002,0.14,64,896,20.810757
79,,6,256,0.0005,0,64,974,21.686153
79,,10,128,0.0001,0.14,72,978,20.430492
79,,10,128,0.0005,0.14,72,997,21.369282
79,,6,256,0.0002,0,72,1171,20.871349
79,,10,256,0.0005,0,64,1310,21.931755
79,,10,256,0.0005,0.14,72,1318,21.848301
72,,4,64,0.0001,0.12,16,219,18.744778
72,,6,128,0.0005,0.14,16,219,20.558939
72,,6,128,0.0002,0.12,16,239,20.025063
72,,10,64,0.0005,0.14,16,269,20.522655
72,,6,256,0.0005,0,16,285,21.453617
72,,4,64,0.0002,0,32,303,19.104113
72,,8,256,0.0001,0,16,369,20.330805
72,,6,128,0.0002,0.12,32,370,19.80802
72,,6,128,0.0002,0,32,370,19.854019
72,,6,128,0.0001,0,32,399,19.455898
72,,4,256,0.0002,0.14,32,418,19.865278
72,,8,128,0.0005,0.14,32,487,21.241814
72,,6,256,0.0005,0,32,552,21.55628
72,,8,256,0.0005,0.14,32,554,21.830595
72,,8,256,0.0001,0.14,32,572,20.537329
72,,4,256,0.0002,0.12,32,581,19.550766
72,,4,128,0.0001,0,64,590,19.125675
72,,6,64,0.0005,0,64,655,19.594337
72,,6,64,0.0001,0,72,693,18.945084
72,,6,128,0.0001,0.12,64,694,19.448887
72,,6,128,0.0005,0,64,694,20.010609
72,,6,128,0.0002,0.14,64,738,19.906233
72,,10,64,0.0005,0,64,775,20.026115
72,,6,128,0.0002,0.12,72,826,20.066828
72,,10,64,0.0001,0.14,72,834,19.367224
72,,4,256,0.0002,0.14,72,912,19.820431
72,,6,256,0.0005,0,64,915,21.67543
72,,6,256,0.0005,0.12,64,996,21.834679
72,,10,128,0.0005,0.12,72,1022,21.774963
72,,6,256,0.0001,0.14,72,1052,19.918602
72,,8,256,0.0005,0.12,64,1052,22.034786
72,,8,256,0.0002,0.14,64,1179,20.813229
72,,8,256,0.0001,0.14,72,1199,20.081406
70,,4,128,0.0002,0.12,16,216,19.206341
70,,6,128,0.0002,0.12,16,220,19.736282
70,,6,128,0.0001,0,16,241,19.249186
70,,8,128,0.0001,0,16,241,19.628582
70,,8,128,0.0005,0.14,16,267,20.515266
70,,6,256,0.0005,0,16,305,20.872723
70,,8,256,0.0005,0.12,16,316,20.849516
70,,4,128,0.0002,0.12,32,326,19.27294
70,,6,64,0.0002,0.14,32,337,19.233065
70,,10,256,0.0005,0,16,342,21.30386
70,,10,256,0.0002,0,16,342,21.052818
70,,10,256,0.0001,0,16,371,20.223051
70,,6,128,0.0001,0.12,32,372,19.355101
70,,6,128,0.0005,0.14,32,400,20.48247
70,,10,64,0.0001,0.14,32,397,19.178074
70,,10,64,0.0005,0.12,32,484,20.428854
70,,6,256,0.0005,0,32,554,20.989794
70,,8,256,0.0002,0.14,32,556,20.494848
70,,8,256,0.0002,0.12,32,664,20.391157
70,,8,64,0.0002,0.12,64,667,19.413799
70,,8,64,0.0002,0.14,64,696,19.320623
70,,6,128,0.0005,0.12,64,696,20.070322
70,,6,128,0.0002,0.14,64,696,19.782801
70,,6,128,0.0001,0.14,64,777,19.420771
70,,6,128,0.0005,0.12,72,778,20.531509
70,,6,128,0.0002,0.12,72,919,19.58477
70,,6,256,0.0001,0.12,64,922,19.835728
70,,6,256,0.0005,0,64,1026,20.63562
70,,6,256,0.0005,0.12,72,1341,20.637545
70,,10,256,0.0002,0,72,1347,21.031925
70,,10,256,0.0002,0.14,72,1074,20.910002
70,,8,128,0.0005,0.14,72,1074,20.459759
28,,4,128,0.0002,0.12,16,216,19.95594
28,,6,128,0.0002,0.12,16,220,20.478649
28,,6,128,0.0001,0,16,241,20.229555
28,,6,128,0.0001,0.14,16,241,20.288111
28,,8,128,0.0001,0,16,241,20.437008
28,,6,256,0.0005,0,16,301,21.459148
28,,6,256,0.0005,0.12,16,308,21.434687
28,,4,64,0.0005,0.14,32,336,20.044476
28,,8,256,0.0005,0,16,337,21.558903
28,,8,256,0.0001,0.12,16,337,20.599026
28,,8,256,0.0005,0.14,16,377,21.555422
28,,10,256,0.0005,0,16,402,21.555183
28,,6,128,0.0005,0.14,32,403,20.707211
28,,6,128,0.0002,0,32,403,20.43416
28,,6,128,0.0001,0.14,64,777,20.481062
28,,6,128,0.0005,0.12,72,778,20.907705
28,,6,128,0.0002,0.12,72,919,21.253445
28,,6,256,0.0001,0.12,64,922,21.365055
28,,6,256,0.0005,0,64,1026,19.789371
28,,6,256,0.0005,0.12,72,1341,19.92812
28,,10,256,0.0002,0,72,1347,19.881409
28,,10,256,0.0002,0.14,72,1074,19.988174
28,,8,128,0.0005,0.14,72,1074,20.82288
28,,6,128,0.0001,0.14,64,777,20.213001
28,,6,128,0.0005,0.12,72,778,20.65382
28,,6,128,0.0002,0.12,72,919,20.269283
28,,6,256,0.0001,0.12,64,922,20.393932
28,,6,256,0.0005,0,64,1026,20.234737
28,,6,256,0.0005,0.12,72,1341,20.44035
28,,10,256,0.0002,0,72,1347,21.028374
28,,10,256,0.0002,0.14,72,1074,21.355652
28,,8,128,0.0005,0.14,72,1074,21.411522