Name,num_imgs,Layers,Feat,Lr ,STD,n_sample,PSNR
244,26,8,64,0.0005,0.14,32,19.31287956
244,26,6,128,0.0001,0,64,18.50625038
244,26,6,256,0.0005,0.14,64,19.8706913
244,26,8,256,0.0002,0,72,19.61966515
244,26,4,64,0.0001,0,64,17.79961967
244,26,4,64,0.0002,0.12,16,18.03142738
244,26,8,64,0.0001,0.12,16,18.41059685
244,26,4,256,0.0002,0.14,64,18.83172035
244,26,8,128,0.0002,0.12,32,19.32363701
244,26,8,64,0.0005,0.12,16,19.28704643
244,26,6,128,0.0001,0.12,16,18.51429558
244,26,4,256,0.0002,0.14,16,18.84503746
244,26,8,256,0.0005,0.12,16,19.96598053
244,26,10,64,0.0002,0.12,64,19.0351944
244,26,8,128,0.0002,0.14,16,19.33777428
244,26,4,64,0.0002,0.12,72,18.03113365
244,26,8,128,0.0002,0,64,19.31443024
244,26,8,128,0.0002,0.14,72,19.31628799
244,26,8,128,0.0001,0.12,72,19.00574684
244,26,4,256,0.0002,0.12,32,18.8335762
244,26,6,128,0.0005,0,64,19.40574646
244,26,6,256,0.0005,0.14,16,19.97699547
244,26,10,256,0.0005,0.14,16,20.12605286
244,26,6,128,0.0005,0,32,19.41178703
244,26,6,128,0.0005,0,16,19.41605186
244,26,6,128,0.0005,0,72,19.40502548
244,26,6,128,0.0005,0.12,64,19.40573692
244,26,6,128,0.0005,0.12,32,19.41336823
244,26,6,128,0.0005,0.12,16,19.41653442
244,26,6,128,0.0005,0.12,72,19.40559196
244,26,6,128,0.0005,0.14,64,19.40576172
244,26,6,128,0.0005,0.14,32,19.39455223
244,26,6,128,0.0005,0.14,16,19.41830635
244,26,6,128,0.0005,0.14,72,19.40497208
244,26,6,128,0.0001,0,32,18.50890541
244,26,6,128,0.0001,0,16,18.51345825
244,26,6,128,0.0001,0,72,18.50580215
244,26,6,128,0.0001,0.12,64,18.50609589
244,26,6,128,0.0001,0.12,32,18.50870705
244,26,6,128,0.0001,0.12,72,18.50541306
244,26,6,128,0.0001,0.14,64,18.50606537
244,26,6,128,0.0001,0.14,32,18.50840187
244,26,6,128,0.0001,0.14,16,18.51347542
244,26,6,128,0.0001,0.14,72,18.50514221
244,26,6,128,0.0002,0,64,18.92718697
244,26,6,128,0.0002,0,32,18.92918205
244,26,6,128,0.0002,0,16,18.93150139
244,26,6,128,0.0002,0,72,18.9280777
244,26,6,128,0.0002,0.12,64,18.92755127
244,26,6,128,0.0002,0.12,32,18.92871857
355,26,4,64,0.0002,0.12,32,17.2521019
355,26,6,256,0.0002,0.14,16,17.95388031
355,26,8,256,0.0002,0,64,18.27308655
355,26,6,256,0.0005,0.12,72,18.38016129
355,26,6,64,0.0005,0.12,72,17.83769226
355,26,6,128,0.0002,0.14,72,17.68571663
355,26,6,64,0.0001,0,32,17.31839752
355,26,8,64,0.0005,0,16,18.14421272
355,26,4,64,0.0001,0,72,17.04937744
355,26,10,64,0.0005,0,32,18.38358688
355,26,6,64,0.0005,0.14,64,17.83371544
355,26,4,256,0.0001,0,32,17.25137329
355,26,10,256,0.0002,0.12,72,18.42506599
355,26,8,256,0.0001,0,32,17.95719147
355,26,10,256,0.0005,0.14,32,18.60059166
355,26,6,256,0.0002,0.14,32,17.9559288
355,26,10,256,0.0002,0.14,16,18.46062851
355,26,8,128,0.0005,0.12,64,18.42759323
355,26,6,128,0.0001,0,16,17.53052521
355,26,8,128,0.0001,0,72,17.86245537
355,26,10,256,0.0005,0.14,16,18.62639427
355,26,6,128,0.0005,0,64,18.11517906
355,26,6,128,0.0005,0,32,18.12554359
355,26,6,128,0.0005,0,16,18.12249184
355,26,6,128,0.0005,0,72,18.10549164
355,26,6,128,0.0005,0.12,64,18.1166172
355,26,6,128,0.0005,0.12,32,18.12512398
355,26,6,128,0.0005,0.12,16,18.12344933
355,26,6,128,0.0005,0.12,72,18.10628319
355,26,6,128,0.0005,0.14,64,18.11711693
355,26,6,128,0.0005,0.14,32,18.12220192
355,26,6,128,0.0005,0.14,16,18.12590027
355,26,6,128,0.0005,0.14,72,18.11162567
355,26,6,128,0.0001,0,64,17.52761269
355,26,6,128,0.0001,0,32,17.52693939
355,26,6,128,0.0001,0,72,17.52633858
355,26,6,128,0.0001,0.12,64,17.52710533
355,26,6,128,0.0001,0.12,32,17.52756691
355,26,6,128,0.0001,0.12,16,17.53003693
355,26,6,128,0.0001,0.12,72,17.52685738
355,26,6,128,0.0001,0.14,64,17.52760506
355,26,6,128,0.0001,0.14,32,17.52816963
355,26,6,128,0.0001,0.14,16,17.53108788
355,26,6,128,0.0001,0.14,72,17.5267334
355,26,6,128,0.0002,0,64,17.68465233
355,26,6,128,0.0002,0,32,17.68971825
355,26,6,128,0.0002,0,16,17.68708229
355,26,6,128,0.0002,0,72,17.68425751
355,26,6,128,0.0002,0.12,64,17.6835804
355,26,6,128,0.0002,0.12,32,17.68972206
288,26,4,64,0.0005,0,64,16.65300751
288,26,4,256,0.0001,0.12,32,16.61208153
288,26,4,64,0.0005,0.12,32,16.64461517
288,26,8,64,0.0005,0.14,32,16.74968529
288,26,10,128,0.0001,0.14,16,17.15744972
288,26,6,128,0.0002,0.12,72,16.89015961
288,26,6,256,0.0005,0.12,72,17.25576782
288,26,8,128,0.0005,0,16,17.49382401
288,26,10,64,0.0001,0,32,16.99860001
288,26,6,64,0.0001,0,16,16.7123394
288,26,6,256,0.0005,0.14,72,17.23575401
288,26,4,256,0.0002,0,32,16.71345711
288,26,10,256,0.0005,0.12,32,17.59396935
288,26,6,256,0.0005,0.14,32,17.31493187
288,26,4,64,0.0005,0.12,64,16.64935493
288,26,10,64,0.0005,0.12,16,17.10878754
288,26,8,128,0.0005,0,32,17.46456718
288,26,10,128,0.0005,0.14,72,17.34957695
288,26,6,256,0.0002,0.14,32,17.21090889
288,26,10,64,0.0001,0.14,16,16.95793343
288,26,6,128,0.0005,0,64,16.84191322
288,26,8,128,0.0002,0.12,16,17.20532417
288,26,6,128,0.0005,0,32,16.85905266
288,26,8,256,0.0005,0.12,16,17.314291
288,26,8,256,0.0005,0,16,17.29785347
288,26,10,128,0.0002,0.12,16,17.32880402
288,26,8,128,0.0005,0,64,17.45380402
288,26,10,256,0.0005,0.12,16,17.57789421
288,26,6,128,0.0005,0,16,16.9322052
288,26,10,256,0.0005,0.12,72,17.51135063
288,26,6,128,0.0005,0,72,16.88202858
288,26,10,256,0.0001,0.12,32,17.08248711
288,26,10,256,0.0005,0.12,64,17.41633415
288,26,10,256,0.0002,0.12,16,17.35884285
288,26,6,128,0.0005,0.12,64,16.8794632
288,26,6,128,0.0005,0.12,32,16.85683632
288,26,6,128,0.0005,0.12,16,16.95815277
288,26,10,256,0.0002,0.12,32,17.1977272
288,26,6,128,0.0005,0.12,72,16.86657715
288,26,6,128,0.0005,0.14,64,16.85000038
288,26,6,128,0.0005,0.14,32,16.8677597
288,26,6,128,0.0005,0.14,16,16.95918465
288,26,6,128,0.0005,0.14,72,16.87346077
288,26,6,128,0.0001,0,64,16.71411896
288,26,6,128,0.0001,0,32,16.71181488
288,26,6,128,0.0001,0,16,16.70601273
288,26,6,128,0.0001,0,72,16.71239471
288,26,6,128,0.0001,0.12,64,16.7124939
288,26,6,128,0.0001,0.12,32,16.70990562
288,26,6,128,0.0001,0.12,16,16.70441246
329,26,4,64,0.0001,0.14,72,14.93218231
329,26,6,128,0.0002,0.14,32,15.59664631
329,26,6,256,0.0005,0.12,32,15.82285309
329,26,6,128,0.0005,0,16,15.73959827
329,26,8,256,0.0005,0.12,64,15.85494518
329,26,10,64,0.0005,0.14,32,15.55251598
329,26,10,64,0.0002,0.14,72,15.56956768
329,26,10,256,0.0005,0.14,16,15.8275671
329,26,8,128,0.0001,0.12,16,15.57314014
329,26,6,128,0.0002,0,72,15.593503
329,26,6,128,0.0005,0,64,15.68336487
329,26,6,128,0.0002,0.12,72,15.59237957
329,26,10,128,0.0002,0.14,64,15.86916256
329,26,10,256,0.0005,0.14,72,15.88258076
329,26,10,64,0.0002,0.12,32,15.56102657
329,26,6,64,0.0001,0,16,15.22014618
329,26,8,256,0.0005,0.14,16,15.85633469
329,26,4,128,0.0001,0,72,15.39323139
329,26,4,256,0.0001,0.14,72,15.49400806
329,26,8,64,0.0005,0.14,64,15.54650879
329,26,10,256,0.0002,0.14,64,15.91770935
329,26,6,128,0.0005,0,32,15.69503784
329,26,6,128,0.0005,0,72,15.68560028
329,26,6,128,0.0005,0.12,64,15.68438339
329,26,6,128,0.0005,0.12,32,15.69375896
329,26,6,128,0.0005,0.12,16,15.76335907
329,26,6,128,0.0005,0.12,72,15.68965054
329,26,6,128,0.0005,0.14,64,15.68309307
329,26,6,128,0.0005,0.14,32,15.69365215
329,26,6,128,0.0005,0.14,16,15.78071594
329,26,6,128,0.0005,0.14,72,15.68489456
329,26,6,128,0.0001,0,64,15.38301373
329,26,6,128,0.0001,0,32,15.38438702
329,26,6,128,0.0001,0,16,15.38886356
329,26,6,128,0.0001,0,72,15.3826952
329,26,6,128,0.0001,0.12,64,15.3830719
329,26,6,128,0.0001,0.12,32,15.38229847
329,26,6,128,0.0001,0.12,16,15.38459301
329,26,6,128,0.0001,0.12,72,15.38339233
329,26,6,128,0.0001,0.14,64,15.38310528
329,26,6,128,0.0001,0.14,32,15.38319397
329,26,6,128,0.0001,0.14,16,15.38688183
329,26,6,128,0.0001,0.14,72,15.38392353
329,26,6,128,0.0002,0,64,15.59074688
329,26,6,128,0.0002,0,32,15.59610367
329,26,6,128,0.0002,0,16,15.60180664
329,26,6,128,0.0002,0.12,64,15.59183979
329,26,6,128,0.0002,0.12,32,15.59735489
329,26,10,256,0.0005,0.14,64,15.87417221
329,26,6,128,0.0002,0.12,16,15.60347843
367,26,8,128,0.0005,0,16,17.59464836
367,26,4,256,0.0002,0,72,16.88638878
367,26,4,128,0.0002,0.14,32,16.69820595
367,26,4,128,0.0005,0,32,17.06113625
367,26,6,128,0.0001,0,64,16.68517494
367,26,10,64,0.0002,0.12,72,17.05310631
367,26,8,64,0.0001,0.12,32,16.56984711
367,26,8,256,0.0005,0.12,16,17.897295
367,26,8,128,0.0001,0.12,64,16.97490501
367,26,10,64,0.0005,0,72,17.43882942
367,26,6,64,0.0002,0.14,64,16.6061573
367,26,8,256,0.0005,0.14,32,18.01539803
367,26,8,256,0.0001,0.12,32,17.33715057
367,26,4,256,0.0002,0.12,64,16.88476753
367,26,10,256,0.0001,0.14,72,17.57082939
367,26,6,128,0.0005,0,64,17.38929558
367,26,4,128,0.0001,0.14,64,16.48711205
367,26,4,128,0.0001,0.12,64,16.4868145
367,26,10,256,0.0002,0.12,64,17.87558174
367,26,10,128,0.0001,0.12,64,17.13085365
367,26,8,256,0.0005,0.14,16,17.9680481
367,26,6,128,0.0005,0,32,17.424366
367,26,6,128,0.0005,0,16,17.46340752
367,26,6,128,0.0005,0,72,17.40617943
367,26,6,128,0.0005,0.12,64,17.38798714
367,26,6,128,0.0005,0.12,32,17.42725372
367,26,6,128,0.0005,0.12,16,17.46403885
367,26,6,128,0.0005,0.12,72,17.40950012
367,26,6,128,0.0005,0.14,64,17.38661194
367,26,6,128,0.0005,0.14,32,17.42621613
367,26,6,128,0.0005,0.14,16,17.46584892
367,26,6,128,0.0005,0.14,72,17.37462425
367,26,6,128,0.0001,0,32,16.68690681
367,26,6,128,0.0001,0,16,16.69229317
367,26,6,128,0.0001,0,72,16.68475342
367,26,6,128,0.0001,0.12,64,16.68456841
367,26,6,128,0.0001,0.12,32,16.68680954
367,26,6,128,0.0001,0.12,16,16.69195366
367,26,6,128,0.0001,0.12,72,16.68453026
367,26,6,128,0.0001,0.14,64,16.6849575
367,26,6,128,0.0001,0.14,32,16.6872406
367,26,6,128,0.0001,0.14,16,16.69292259
367,26,6,128,0.0001,0.14,72,16.68378448
367,26,6,128,0.0002,0,64,16.926651
367,26,6,128,0.0002,0,32,16.91940117
367,26,6,128,0.0002,0,16,16.94016266
367,26,6,128,0.0002,0,72,16.93013573
367,26,6,128,0.0002,0.12,64,16.92716217
367,26,6,128,0.0002,0.12,32,16.91872978
367,26,6,128,0.0002,0.12,16,16.93961334
389,26,10,64,0.0002,0.14,64,17.87763023
389,26,10,64,0.0002,0.14,16,17.93375206
389,26,10,64,0.0001,0.14,72,17.98353195
389,26,4,256,0.0002,0,72,17.64955521
389,26,6,128,0.0005,0.12,64,17.93263817
389,26,8,64,0.0005,0.14,64,17.85688972
389,26,10,256,0.0002,0.14,16,17.99458885
389,26,6,128,0.0002,0,32,18.03676796
389,26,8,64,0.0001,0,32,17.89577484
389,26,6,256,0.0001,0.14,16,17.94236183
389,26,6,64,0.0002,0,64,17.90906715
389,26,4,256,0.0002,0.12,64,17.65395927
389,26,10,256,0.0001,0.12,64,18.00577354
389,26,10,256,0.0001,0.12,32,18.00354195
389,26,6,256,0.0005,0.12,16,18.06659698
389,26,8,128,0.0005,0.12,64,17.9468956
389,26,10,256,0.0002,0,32,18.0146122
389,26,6,256,0.0005,0,64,18.01729965
389,26,6,256,0.0005,0,72,18.10963631
389,26,6,128,0.0001,0.12,72,17.79456902
389,26,6,128,0.0005,0,64,17.92458534
389,26,6,128,0.0005,0,32,17.91313744
389,26,6,256,0.0005,0.12,72,18.02201653
389,26,4,256,0.0005,0.12,16,18.04889488
389,26,6,256,0.0005,0,16,17.90825653
389,26,6,128,0.0005,0,16,17.88280678
389,26,6,128,0.0005,0,72,17.89805412
389,26,4,256,0.0005,0.12,72,18.14641571
389,26,6,128,0.0005,0.12,32,17.91467285
389,26,6,128,0.0005,0.12,16,17.89819527
389,26,6,128,0.0005,0.12,72,17.90286446
389,26,6,128,0.0005,0.14,64,17.89744949
389,26,6,128,0.0005,0.14,32,17.93300819
389,26,6,128,0.0005,0.14,16,17.90901947
389,26,6,128,0.0005,0.14,72,17.91252136
389,26,6,128,0.0001,0,64,17.79477882
389,26,6,128,0.0001,0,32,17.79428291
389,26,6,128,0.0001,0,16,17.792696
389,26,6,128,0.0001,0,72,17.79307365
389,26,6,128,0.0001,0.12,64,17.7922802
389,26,6,128,0.0001,0.12,32,17.79191589
389,26,6,128,0.0001,0.12,16,17.79558563
389,26,6,128,0.0001,0.14,64,17.79401588
389,26,6,128,0.0001,0.14,32,17.79133797
389,26,6,128,0.0001,0.14,16,17.79438972
389,26,6,128,0.0001,0.14,72,17.79236412
389,26,6,128,0.0002,0,64,18.03535461
389,26,6,128,0.0002,0,16,18.02974129
389,26,6,128,0.0002,0,72,18.03693008
389,26,6,128,0.0002,0.12,64,18.03655815
212,26,4,64,0.0001,0,16,16.54118729
212,26,10,256,0.0002,0,64,18.51056671
212,26,10,256,0.0002,0.14,72,18.5233345
212,26,10,128,0.0005,0,16,18.83651352
212,26,8,256,0.0002,0,32,18.44264793
212,26,8,256,0.0005,0.14,72,18.78808022
212,26,8,256,0.0002,0.12,64,18.43889046
212,26,6,256,0.0002,0,32,18.13068581
212,26,4,64,0.0002,0.12,64,17.25164795
212,26,6,64,0.0001,0.12,16,16.99241066
212,26,4,128,0.0005,0,32,18.25674248
212,26,6,64,0.0005,0.12,64,18.44894218
212,26,8,256,0.0002,0.14,72,18.43693733
212,26,8,64,0.0005,0,16,18.32176781
212,26,8,128,0.0001,0,72,18.07895088
212,26,4,64,0.0001,0.14,16,16.54170418
212,26,4,256,0.0002,0.14,32,17.84945679
212,26,4,128,0.0001,0.14,32,17.25525475
212,26,10,128,0.0002,0.14,16,18.51996422
212,26,4,64,0.0002,0.12,16,17.25572968
212,26,10,128,0.0005,0.14,72,18.7644062
212,26,10,128,0.0005,0,72,18.76408577
212,26,6,128,0.0005,0,64,18.54560089
212,26,6,128,0.0005,0,32,18.55322456
212,26,6,128,0.0005,0,16,18.55327415
212,26,10,256,0.0005,0.14,72,18.77045631
212,26,6,128,0.0005,0,72,18.54079628
212,26,8,256,0.0005,0.14,16,18.73792839
212,26,6,128,0.0005,0.12,64,18.5459919
212,26,6,128,0.0005,0.12,32,18.55647469
212,26,6,128,0.0005,0.12,16,18.55435371
212,26,6,128,0.0005,0.12,72,18.54122353
212,26,6,128,0.0005,0.14,64,18.55563545
212,26,6,128,0.0005,0.14,32,18.55578613
212,26,6,128,0.0005,0.14,16,18.55357933
212,26,6,128,0.0005,0.14,72,18.53951836
212,26,6,128,0.0001,0,64,17.59535789
212,26,6,128,0.0001,0,32,17.59660912
212,26,6,128,0.0001,0,16,17.60176659
212,26,6,128,0.0001,0,72,17.59742928
212,26,6,128,0.0001,0.12,64,17.59443665
212,26,6,128,0.0001,0.12,32,17.59391975
212,26,6,128,0.0001,0.12,16,17.60035706
212,26,6,128,0.0001,0.12,72,17.5966053
212,26,6,128,0.0001,0.14,64,17.59644127
212,26,6,128,0.0001,0.14,32,17.59412766
212,26,6,128,0.0001,0.14,16,17.6012516
212,26,6,128,0.0001,0.14,72,17.59450912
212,26,6,128,0.0002,0,64,18.02567291
212,26,6,128,0.0002,0,32,18.02124023
247,26,8,64,0.0001,0.14,72,15.54870319
247,26,4,256,0.0005,0,32,15.86892319
247,26,4,256,0.0005,0.12,72,15.9166441
247,26,10,128,0.0005,0,16,16.49764824
247,26,6,64,0.0002,0,32,15.73014069
247,26,6,64,0.0005,0.14,16,15.50788593
247,26,10,256,0.0001,0,32,16.63597107
247,26,4,128,0.0005,0.14,72,15.15597916
247,26,4,64,0.0002,0.12,16,16.00547981
247,26,10,128,0.0002,0,64,16.60397339
247,26,6,64,0.0001,0,16,15.25500774
247,26,6,256,0.0002,0.14,32,16.8611145
247,26,6,128,0.0002,0,32,16.64126015
247,26,10,64,0.0002,0,32,16.1573658
247,26,8,64,0.0005,0.14,16,15.68696594
247,26,6,64,0.0005,0.14,64,15.47317219
247,26,8,128,0.0005,0.14,72,15.60759258
247,26,8,64,0.0005,0.14,72,15.62436676
247,26,4,128,0.0005,0.14,32,15.26983547
247,26,10,64,0.0002,0.14,72,16.13507271
247,26,6,256,0.0002,0.12,32,16.86559868
247,26,6,128,0.0005,0,64,15.53162384
247,26,6,128,0.0005,0,32,15.70817566
247,26,6,128,0.0005,0,16,15.68103695
247,26,6,128,0.0005,0,72,15.57521152
247,26,6,128,0.0005,0.12,64,15.59444809
247,26,6,128,0.0005,0.12,32,15.65482712
247,26,6,128,0.0005,0.12,16,15.65014935
247,26,6,128,0.0005,0.12,72,15.60977459
247,26,6,128,0.0005,0.14,64,15.56352234
247,26,6,128,0.0005,0.14,32,15.68121624
247,26,8,256,0.0002,0.12,32,16.72949219
247,26,6,128,0.0005,0.14,16,15.66033173
247,26,10,256,0.0002,0.12,32,16.58940125
247,26,6,128,0.0005,0.14,72,15.59361172
247,26,6,128,0.0001,0,64,16.15985107
247,26,6,128,0.0001,0,32,16.1422863
247,26,6,128,0.0001,0,16,16.10480881
247,26,6,128,0.0001,0,72,16.16157722
247,26,6,128,0.0001,0.12,64,16.15995979
247,26,6,128,0.0001,0.12,32,16.1433239
247,26,6,128,0.0001,0.12,16,16.10483551
247,26,6,128,0.0001,0.12,72,16.16081619
247,26,6,128,0.0001,0.14,64,16.15809631
247,26,6,128,0.0001,0.14,32,16.14171791
247,26,6,128,0.0001,0.14,16,16.10451508
247,26,6,128,0.0001,0.14,72,16.16090965
247,26,6,128,0.0002,0,64,16.6438427
247,26,6,128,0.0002,0,16,16.64936829
247,26,6,128,0.0002,0,72,16.63945007
142,26,8,64,0.0001,0,72,20.19125366
142,26,4,128,0.0001,0.14,16,20.00727081
142,26,4,256,0.0001,0.12,64,20.57884979
142,26,10,64,0.0002,0,16,20.22349548
142,26,8,64,0.0005,0.14,32,20.9303627
142,26,8,64,0.0002,0.12,16,20.22812462
142,26,8,64,0.0005,0,64,20.94780731
142,26,4,128,0.0005,0.12,32,20.64222908
142,26,10,256,0.0002,0.12,64,20.4306736
142,26,8,256,0.0005,0.14,16,20.40788269
142,26,4,256,0.0002,0,32,20.82218361
142,26,10,256,0.0005,0.14,32,18.9751606
142,26,4,128,0.0005,0.12,72,20.49037552
142,26,4,128,0.0001,0.12,72,20.00828552
142,26,10,256,0.0001,0,16,20.38559723
142,26,8,128,0.0001,0.14,16,20.23752785
142,26,8,64,0.0001,0.12,72,20.19177055
142,26,10,256,0.0002,0,16,20.54411125
142,26,4,256,0.0005,0.14,32,20.33345985
142,26,8,256,0.0005,0.12,64,20.2309742
142,26,6,64,0.0005,0.14,64,21.32523346
142,26,6,64,0.0005,0,64,21.32827377
142,26,6,128,0.0005,0,64,20.19782066
142,26,6,128,0.0005,0,32,20.19458771
142,26,6,128,0.0005,0,16,20.22567177
142,26,6,128,0.0005,0,72,20.20195198
142,26,6,128,0.0005,0.12,64,20.19857597
142,26,6,128,0.0005,0.12,32,20.20201874
142,26,6,128,0.0005,0.12,16,20.22999001
142,26,6,128,0.0005,0.12,72,20.19480324
142,26,6,128,0.0005,0.14,64,20.20119476
142,26,6,128,0.0005,0.14,32,20.1995163
142,26,6,64,0.0002,0.14,64,20.34721184
142,26,6,128,0.0005,0.14,16,20.23220634
142,26,6,128,0.0005,0.14,72,20.19659996
142,26,6,64,0.0002,0,64,20.33974266
142,26,6,128,0.0001,0,64,20.32180595
142,26,6,128,0.0001,0,32,20.32099342
142,26,10,64,0.0005,0.14,64,20.93835831
142,26,6,128,0.0001,0,16,20.3214798
142,26,6,128,0.0001,0,72,20.32329369
142,26,6,128,0.0001,0.12,64,20.32245827
142,26,6,128,0.0001,0.12,32,20.32143211
142,26,10,64,0.0002,0.14,64,20.21291161
142,26,4,64,0.0005,0.14,64,20.6606617
142,26,6,128,0.0001,0.12,16,20.32006264
142,26,6,128,0.0001,0.12,72,20.32344246
142,26,6,128,0.0001,0.14,64,20.32199669
142,26,6,128,0.0001,0.14,32,20.3206501
142,26,4,64,0.0005,0,64,20.65126038
163,26,4,64,0.0005,0.14,72,16.72766876
163,26,10,64,0.0005,0.12,72,17.1147995
163,26,4,256,0.0002,0,32,16.99950218
163,26,10,256,0.0005,0.12,64,17.10624313
163,26,4,128,0.0001,0,72,16.54361153
163,26,6,128,0.0002,0.14,16,16.96613503
163,26,10,128,0.0005,0,72,16.97140694
163,26,10,256,0.0002,0.14,72,17.18974495
163,26,4,256,0.0002,0.14,64,16.99346352
163,26,10,64,0.0001,0.12,64,16.88068199
163,26,6,64,0.0005,0,16,17.07078171
163,26,4,64,0.0001,0.12,64,16.47302055
163,26,10,64,0.0005,0.12,16,17.09666824
163,26,4,256,0.0001,0.12,64,16.88465118
163,26,6,64,0.0002,0.14,32,16.98641968
163,26,4,128,0.0002,0.12,32,16.61183739
163,26,6,128,0.0001,0.14,72,16.97943497
163,26,10,128,0.0002,0.14,32,17.21734047
163,26,6,128,0.0002,0.14,32,16.96245575
163,26,4,64,0.0002,0.14,64,16.65576935
163,26,8,256,0.0002,0.14,32,17.22566414
163,26,6,128,0.0005,0,64,17.24293518
163,26,8,256,0.0005,0,32,17.06543732
163,26,6,128,0.0005,0,32,17.21783066
163,26,8,256,0.0005,0,64,17.06083679
163,26,8,256,0.0002,0,32,17.20874977
163,26,8,128,0.0005,0,64,17.1166153
163,26,8,256,0.0002,0,16,17.19506645
163,26,8,128,0.0005,0.14,32,17.09289742
163,26,6,256,0.0005,0,64,17.25669098
163,26,6,128,0.0005,0,16,17.21846199
163,26,6,128,0.0005,0,72,17.23968506
163,26,6,128,0.0005,0.12,64,17.23797035
163,26,6,128,0.0005,0.12,32,17.22421265
163,26,6,128,0.0005,0.12,16,17.23022652
163,26,6,128,0.0005,0.12,72,17.24786949
163,26,6,256,0.0005,0.12,72,17.28034019
163,26,6,128,0.0005,0.14,64,17.25118828
163,26,6,128,0.0005,0.14,32,17.23587036
163,26,6,128,0.0005,0.14,16,17.23322868
163,26,6,128,0.0005,0.14,72,17.23801994
163,26,6,128,0.0001,0,64,16.97797012
163,26,6,128,0.0001,0,32,16.97918892
163,26,6,128,0.0001,0,16,16.98078156
163,26,6,128,0.0001,0,72,16.9782505
163,26,6,128,0.0001,0.12,64,16.97628593
163,26,6,128,0.0001,0.12,32,16.97996521
163,26,6,128,0.0001,0.12,16,16.9809761
163,26,6,128,0.0001,0.12,72,16.97985077
163,26,6,128,0.0001,0.14,64,16.97704124
172,26,10,64,0.0001,0.12,32,16.92946815
172,26,10,64,0.0002,0.12,72,16.21494293
172,26,6,64,0.0001,0,64,16.83491707
172,26,6,256,0.0002,0,32,15.53546906
172,26,6,256,0.0001,0.14,72,15.59862804
172,26,10,64,0.0002,0.14,72,16.21448326
172,26,8,64,0.0001,0.14,64,16.6597538
172,26,6,128,0.0005,0.12,16,15.29104519
172,26,4,128,0.0005,0,72,15.06604385
172,26,4,64,0.0005,0.14,64,15.75996876
172,26,6,128,0.0002,0.12,72,15.92359066
172,26,10,64,0.0005,0,16,15.45714569
172,26,6,64,0.0005,0,16,15.44042969
172,26,4,128,0.0002,0.12,64,15.89261913
172,26,4,64,0.0005,0.12,72,15.7581892
172,26,4,64,0.0005,0.14,16,15.73501587
172,26,8,64,0.0002,0.14,32,16.10830307
172,26,10,128,0.0001,0,72,16.19820404
172,26,4,128,0.0001,0,64,16.29149437
172,26,10,256,0.0002,0.12,32,15.43468761
172,26,8,64,0.0001,0.12,32,16.66556358
172,26,6,64,0.0001,0,32,16.83447075
172,26,10,256,0.0001,0,64,15.46666718
172,26,6,64,0.0001,0.12,32,16.83485603
172,26,10,64,0.0001,0.12,64,16.91855431
172,26,6,128,0.0005,0,64,15.29559231
172,26,6,128,0.0005,0,32,15.29783249
172,26,6,128,0.0005,0,16,15.30951691
172,26,6,128,0.0005,0,72,15.29545307
172,26,6,128,0.0005,0.12,64,15.29606915
172,26,6,128,0.0005,0.12,32,15.306777
172,26,6,128,0.0005,0.12,72,15.29478168
172,26,6,128,0.0005,0.14,64,15.29928112
172,26,6,128,0.0005,0.14,32,15.29444885
172,26,6,128,0.0005,0.14,16,15.29148197
172,26,6,128,0.0005,0.14,72,15.29851913
172,26,6,128,0.0001,0,64,16.57808495
172,26,6,128,0.0001,0,32,16.57418251
172,26,6,128,0.0001,0,16,16.57559776
172,26,6,128,0.0001,0,72,16.57520866
172,26,6,128,0.0001,0.12,64,16.57737732
172,26,6,128,0.0001,0.12,32,16.57393074
172,26,6,128,0.0001,0.12,16,16.57875061
172,26,6,128,0.0001,0.12,72,16.57390594
172,26,6,128,0.0001,0.14,64,16.57837868
172,26,6,128,0.0001,0.14,32,16.57196617
172,26,6,128,0.0001,0.14,16,16.57792664
172,26,6,128,0.0001,0.14,72,16.57387352
172,26,6,128,0.0002,0,64,15.92044067
172,26,6,128,0.0002,0,32,15.92637253
278,26,4,64,0.0001,0.12,32,15.80358601
278,26,6,256,0.0001,0,32,16.61748695
278,26,8,128,0.0001,0.12,72,16.49294662
278,26,10,128,0.0001,0.14,32,16.61312866
278,26,10,64,0.0005,0.12,32,16.84931183
278,26,4,64,0.0001,0.14,32,15.80474567
278,26,8,128,0.0002,0,32,16.67556953
278,26,8,128,0.0002,0.12,64,16.67717934
278,26,10,128,0.0001,0.12,64,16.59943581
278,26,4,64,0.0002,0,72,15.99946785
278,26,4,128,0.0002,0,72,16.25997353
278,26,4,64,0.0001,0,64,15.79978371
278,26,4,256,0.0002,0.12,72,16.43527603
278,26,6,128,0.0002,0,16,16.53969383
278,26,10,256,0.0005,0,16,16.97612381
278,26,10,256,0.0002,0.12,32,16.99829483
278,26,8,128,0.0005,0.14,16,16.78904915
278,26,6,64,0.0002,0.14,72,16.25665665
278,26,6,64,0.0001,0.12,32,16.09271812
278,26,8,64,0.0001,0.14,64,16.29606247
278,26,6,128,0.0005,0,64,16.770401
278,26,6,128,0.0005,0,32,16.75696182
278,26,10,256,0.0005,0.12,16,16.95879555
278,26,6,128,0.0005,0,16,16.76292038
278,26,6,128,0.0005,0,72,16.77486229
278,26,10,256,0.0002,0.12,16,17.01565933
278,26,6,128,0.0005,0.12,64,16.74386215
278,26,6,128,0.0005,0.12,32,16.75608063
278,26,6,128,0.0005,0.12,16,16.76261902
278,26,6,128,0.0005,0.12,72,16.74675941
278,26,6,128,0.0005,0.14,64,16.75260353
278,26,6,128,0.0005,0.14,32,16.72559547
278,26,6,128,0.0005,0.14,16,16.75811386
278,26,6,128,0.0005,0.14,72,16.74632645
278,26,6,128,0.0001,0,64,16.30060387
278,26,6,128,0.0001,0,32,16.30126953
278,26,6,128,0.0001,0,16,16.30714798
278,26,6,128,0.0001,0,72,16.30172348
278,26,6,128,0.0001,0.12,64,16.30005264
278,26,6,128,0.0001,0.12,32,16.30177116
278,26,6,128,0.0001,0.12,16,16.3057003
278,26,6,128,0.0001,0.12,72,16.3021431
278,26,6,128,0.0001,0.14,64,16.30121994
278,26,6,128,0.0001,0.14,32,16.30029106
278,26,6,128,0.0001,0.14,16,16.30602264
278,26,6,128,0.0001,0.14,72,16.30172157
278,26,6,128,0.0002,0,64,16.53479576
278,26,6,128,0.0002,0,32,16.53374672
278,26,6,128,0.0002,0,72,16.53762436
278,26,6,128,0.0002,0.12,64,16.53446388
176,26,8,256,0.0001,0,64,16.12894821
176,26,8,256,0.0002,0.12,72,15.69772625
176,26,10,128,0.0001,0.14,64,15.92291355
176,26,10,128,0.0002,0.14,64,16.01447487
176,26,4,64,0.0005,0.12,32,15.92817211
176,26,8,128,0.0005,0,16,15.93386841
176,26,4,128,0.0005,0.12,32,16.06104279
176,26,6,64,0.0005,0.12,72,16.09361839
176,26,10,128,0.0005,0.14,64,16.04698753
176,26,10,256,0.0002,0.12,16,16.10170555
176,26,10,64,0.0002,0,64,16.16779709
176,26,8,128,0.0005,0.14,16,16.01400566
176,26,6,256,0.0002,0,72,15.74581909
176,26,4,64,0.0001,0.12,72,15.05334568
176,26,10,64,0.0002,0.14,72,16.1654911
176,26,8,128,0.0001,0,16,16.08143044
176,26,10,256,0.0001,0,32,16.12316895
176,26,6,128,0.0005,0,64,15.96407223
176,26,4,256,0.0001,0.14,64,15.77172089
176,26,4,64,0.0002,0.12,72,15.68149662
176,26,6,128,0.0005,0,32,16.04360199
176,26,6,128,0.0005,0,16,15.95159054
176,26,6,128,0.0005,0,72,15.8747139
176,26,6,128,0.0005,0.12,64,15.97263241
176,26,6,128,0.0005,0.12,32,16.09427834
176,26,6,128,0.0005,0.12,16,16.08208275
176,26,6,128,0.0005,0.12,72,15.89015675
176,26,10,64,0.0002,0.14,64,16.16472816
176,26,6,128,0.0005,0.14,64,15.94954395
176,26,6,128,0.0005,0.14,32,16.02814293
176,26,6,128,0.0005,0.14,16,16.06093979
176,26,10,64,0.0002,0,72,16.1659584
176,26,6,128,0.0005,0.14,72,15.92974854
176,26,6,128,0.0001,0,64,15.98841572
176,26,6,128,0.0001,0,32,15.97947693
176,26,6,128,0.0001,0,16,15.96867657
176,26,6,128,0.0001,0,72,15.99220753
176,26,6,128,0.0001,0.12,64,15.98800373
176,26,6,128,0.0001,0.12,32,15.97659779
176,26,6,128,0.0001,0.12,16,15.97085571
176,26,6,128,0.0001,0.12,72,15.98946285
176,26,6,128,0.0001,0.14,64,15.98397827
176,26,6,128,0.0001,0.14,32,15.97911072
176,26,6,128,0.0001,0.14,16,15.97046947
176,26,6,128,0.0001,0.14,72,15.98837948
176,26,6,128,0.0002,0,64,16.05159378
176,26,6,128,0.0002,0,32,16.03988075
176,26,6,128,0.0002,0,16,16.0417881
176,26,6,128,0.0002,0,72,16.04953575
176,26,6,128,0.0002,0.12,64,16.04896736
391,26,10,256,0.0005,0,72,17.56087494
391,26,10,64,0.0001,0,32,17.18807793
391,26,10,256,0.0002,0,64,17.95738983
391,26,4,256,0.0005,0.14,32,17.78296089
391,26,8,64,0.0005,0.14,32,18.24127007
391,26,8,64,0.0001,0.14,72,17.42288971
391,26,6,64,0.0002,0.14,16,17.81353569
391,26,8,256,0.0001,0.14,16,17.49989891
391,26,4,64,0.0002,0.12,16,17.39958191
391,26,8,64,0.0005,0.12,32,18.22825813
391,26,10,64,0.0001,0.12,72,17.15994835
391,26,10,128,0.0005,0,72,18.16648102
391,26,4,256,0.0002,0.12,16,16.97852135
391,26,10,256,0.0002,0,32,18.0207119
391,26,4,256,0.0001,0,64,17.33297157
391,26,4,128,0.0005,0.14,32,17.29077721
391,26,4,256,0.0001,0.12,16,17.31955528
391,26,6,64,0.0002,0,72,17.77487373
391,26,6,256,0.0001,0,64,17.34080315
391,26,10,64,0.0001,0.14,64,17.16418266
391,26,6,128,0.0005,0,64,17.41270447
391,26,6,128,0.0005,0,32,17.40472794
391,26,6,128,0.0005,0,16,17.45365715
391,26,6,128,0.0005,0,72,17.41128922
391,26,6,128,0.0005,0.12,64,17.41085625
391,26,6,128,0.0005,0.12,32,17.40049744
391,26,6,128,0.0005,0.12,16,17.44319344
391,26,6,128,0.0005,0.12,72,17.41340065
391,26,6,128,0.0005,0.14,64,17.41222954
391,26,6,128,0.0005,0.14,32,17.40279388
391,26,6,128,0.0005,0.14,16,17.46248817
391,26,6,128,0.0005,0.14,72,17.4051609
391,26,6,128,0.0001,0,64,17.30076027
391,26,8,64,0.0002,0.12,32,17.84490967
391,26,6,128,0.0001,0,32,17.30831146
391,26,6,128,0.0001,0,16,17.31272316
391,26,6,128,0.0001,0,72,17.30042267
391,26,6,128,0.0001,0.12,64,17.30057335
391,26,8,64,0.0002,0.14,32,17.84679604
391,26,6,128,0.0001,0.12,32,17.30717468
391,26,6,128,0.0001,0.12,16,17.31305122
391,26,6,128,0.0001,0.12,72,17.30083084
391,26,6,128,0.0001,0.14,64,17.30126953
391,26,6,128,0.0001,0.14,32,17.30713463
391,26,6,128,0.0001,0.14,16,17.31265259
391,26,6,128,0.0001,0.14,72,17.30097961
391,26,6,128,0.0002,0,64,17.51815605
391,26,6,128,0.0002,0,32,17.50909042
391,26,6,128,0.0002,0,16,17.4851284
391,26,6,128,0.0002,0,72,17.52228737
364,26,4,128,0.0002,0.12,72,17.05562401
364,26,6,256,0.0005,0.12,32,17.71416283
364,26,6,256,0.0002,0,64,17.30758858
364,26,6,128,0.0005,0.14,16,17.32878685
364,26,4,256,0.0005,0.12,32,17.52667809
364,26,10,64,0.0001,0.12,32,16.96253395
364,26,4,64,0.0005,0,64,16.94119453
364,26,8,64,0.0002,0.12,72,17.10605812
364,26,4,256,0.0001,0,64,17.20592308
364,26,10,256,0.0005,0.12,32,17.67697906
364,26,10,64,0.0005,0.14,32,17.55687523
364,26,10,128,0.0002,0.12,32,17.37148285
364,26,10,128,0.0001,0.14,16,17.25868225
364,26,4,64,0.0002,0.14,72,16.88736343
364,26,4,128,0.0002,0.14,16,17.05784035
364,26,4,256,0.0005,0,64,17.53234673
364,26,4,64,0.0001,0,32,16.53709602
364,26,8,256,0.0001,0,16,17.20809364
364,26,4,64,0.0002,0.12,32,16.88617897
364,26,10,128,0.0001,0.14,64,17.24333763
364,26,6,128,0.0005,0,64,17.39652824
364,26,6,128,0.0005,0,32,17.37343788
364,26,6,128,0.0005,0,16,17.34838676
364,26,6,128,0.0005,0,72,17.41394043
364,26,8,256,0.0005,0.12,32,17.55879974
364,26,6,128,0.0005,0.12,64,17.41601372
364,26,6,128,0.0005,0.12,32,17.37019157
364,26,6,128,0.0005,0.12,16,17.3289566
364,26,6,128,0.0005,0.12,72,17.42584991
364,26,6,128,0.0005,0.14,64,17.4117527
364,26,6,128,0.0005,0.14,32,17.37602425
364,26,6,128,0.0005,0.14,72,17.43455696
364,26,6,128,0.0001,0,64,17.00820541
364,26,6,128,0.0001,0,32,17.0142746
364,26,6,128,0.0001,0,16,17.0284214
364,26,6,128,0.0001,0,72,17.00306511
364,26,6,128,0.0001,0.12,64,17.004282
364,26,6,128,0.0001,0.12,32,17.01065254
364,26,6,128,0.0001,0.12,16,17.02969933
364,26,6,128,0.0001,0.12,72,17.00310707
364,26,6,128,0.0001,0.14,64,17.00695229
364,26,6,128,0.0001,0.14,32,17.01201439
364,26,6,128,0.0001,0.14,16,17.02645111
364,26,6,128,0.0001,0.14,72,17.00677299
364,26,6,128,0.0002,0,64,17.21251869
364,26,6,128,0.0002,0,32,17.20552063
364,26,6,128,0.0002,0,16,17.20904732
364,26,6,128,0.0002,0,72,17.20413971
364,26,6,128,0.0002,0.12,64,17.20596886
364,26,6,128,0.0002,0.12,32,17.20687294
225,26,10,64,0.0001,0.14,32,16.63316536
225,26,10,256,0.0005,0.12,72,16.76286316
225,26,6,256,0.0001,0,64,16.33885002
225,26,10,256,0.0002,0.14,72,16.45169258
225,26,4,128,0.0002,0.12,72,16.31985664
225,26,8,256,0.0002,0.12,64,16.45548248
225,26,8,256,0.0005,0.14,16,16.72168732
225,26,6,128,0.0005,0.14,16,16.38779259
225,26,10,128,0.0002,0.12,64,16.2826004
225,26,4,64,0.0001,0.12,72,16.05701637
225,26,6,128,0.0005,0,64,16.3791256
225,26,4,64,0.0001,0,16,16.06705666
225,26,6,256,0.0001,0.12,32,16.34370995
225,26,6,64,0.0005,0,72,16.35641479
225,26,4,128,0.0005,0.12,64,16.41714287
225,26,4,128,0.0002,0.14,16,16.30028343
225,26,6,128,0.0002,0.12,16,16.19534111
225,26,4,256,0.0002,0.12,32,16.47618675
225,26,6,256,0.0005,0,32,16.6600914
225,26,6,256,0.0005,0,16,16.72886848
225,26,10,256,0.0005,0,72,16.89132118
225,26,6,128,0.0005,0,32,16.38632011
225,26,6,128,0.0005,0,16,16.39317513
225,26,6,128,0.0005,0,72,16.37703133
225,26,6,128,0.0005,0.12,64,16.38012695
225,26,6,128,0.0005,0.12,32,16.38712883
225,26,6,128,0.0005,0.12,16,16.39070702
225,26,6,128,0.0005,0.12,72,16.38070488
225,26,6,128,0.0005,0.14,64,16.3778286
225,26,6,128,0.0005,0.14,32,16.3882885
225,26,6,128,0.0005,0.14,72,16.38194847
225,26,6,128,0.0001,0,64,16.20907021
225,26,6,128,0.0001,0,32,16.20503998
225,26,6,128,0.0001,0,16,16.19849968
225,26,6,128,0.0001,0,72,16.21121788
225,26,6,128,0.0001,0.12,64,16.20892715
225,26,6,128,0.0001,0.12,32,16.20606613
225,26,6,128,0.0001,0.12,16,16.19905281
225,26,6,128,0.0001,0.12,72,16.20839882
225,26,6,128,0.0001,0.14,64,16.20960236
225,26,6,128,0.0001,0.14,32,16.20521545
225,26,6,128,0.0001,0.14,16,16.19909096
225,26,6,128,0.0001,0.14,72,16.20920563
225,26,6,128,0.0002,0,64,16.17067909
225,26,6,128,0.0002,0,32,16.17586517
225,26,6,128,0.0002,0,16,16.19675255
225,26,6,128,0.0002,0,72,16.17034149
225,26,6,128,0.0002,0.12,64,16.16937256
225,26,6,128,0.0002,0.12,32,16.17287827
225,26,6,128,0.0002,0.12,72,16.17141914
381,26,8,64,0.0002,0,72,18.0819416
381,26,10,256,0.0002,0.14,64,17.90410042
381,26,6,128,0.0002,0.12,16,18.11250114
381,26,8,128,0.0001,0.14,16,18.07493401
381,26,4,64,0.0001,0,32,18.23173332
381,26,4,256,0.0001,0.12,72,17.92009926
381,26,6,64,0.0005,0.14,16,18.2657032
381,26,8,128,0.0005,0,32,17.70081902
381,26,8,256,0.0005,0,16,17.86861801
381,26,6,256,0.0001,0.12,32,17.95496178
381,26,6,64,0.0001,0,16,18.40307426
381,26,8,128,0.0001,0.12,64,18.07370377
381,26,10,256,0.0005,0,72,17.77740479
381,26,6,64,0.0001,0.12,32,18.40495491
381,26,10,256,0.0002,0.12,72,17.90849113
381,26,4,64,0.0005,0.12,72,18.19068336
381,26,8,256,0.0001,0.14,64,17.98234367
381,26,6,64,0.0005,0,64,18.22968674
381,26,10,64,0.0001,0.12,16,18.64929008
381,26,6,64,0.0005,0.12,16,18.26552963
381,26,10,64,0.0001,0.12,32,18.647789
381,26,6,128,0.0005,0,64,17.73392105
381,26,6,128,0.0005,0,32,17.73372078
381,26,6,128,0.0005,0,16,17.74025154
381,26,6,128,0.0005,0,72,17.73641014
381,26,6,128,0.0005,0.12,64,17.73672295
381,26,6,128,0.0005,0.12,32,17.73405075
381,26,6,128,0.0005,0.12,16,17.73888588
381,26,6,128,0.0005,0.12,72,17.73778534
381,26,6,128,0.0005,0.14,64,17.73408318
381,26,6,128,0.0005,0.14,32,17.7308979
381,26,6,128,0.0005,0.14,16,17.72970009
381,26,6,128,0.0005,0.14,72,17.73155975
381,26,6,128,0.0001,0,64,18.22258568
381,26,6,128,0.0001,0,32,18.22368813
381,26,6,128,0.0001,0,16,18.21954536
381,26,6,128,0.0001,0,72,18.22297096
381,26,6,128,0.0001,0.12,64,18.22394371
381,26,6,128,0.0001,0.12,32,18.2228756
381,26,6,128,0.0001,0.12,16,18.22083092
381,26,6,128,0.0001,0.12,72,18.22352028
381,26,6,128,0.0001,0.14,64,18.22403526
381,26,6,128,0.0001,0.14,32,18.22406197
381,26,6,128,0.0001,0.14,16,18.22002029
381,26,6,128,0.0001,0.14,72,18.22332954
381,26,6,128,0.0002,0,64,18.10756493
381,26,6,128,0.0002,0,32,18.10965347
381,26,6,128,0.0002,0,16,18.1134491
381,26,6,128,0.0002,0,72,18.10941887
381,26,6,128,0.0002,0.12,64,18.1081295
251,26,8,128,0.0005,0,16,15.11069202
251,26,6,64,0.0002,0.12,16,14.77253723
251,26,4,128,0.0001,0,64,14.78197098
251,26,10,128,0.0005,0.14,16,15.45354748
251,26,8,256,0.0005,0.12,72,15.76885509
251,26,8,256,0.0005,0,64,15.75158405
251,26,6,64,0.0001,0,64,14.76196766
251,26,6,128,0.0002,0,64,15.06559467
251,26,10,256,0.0001,0.14,72,15.37295055
251,26,8,128,0.0005,0.14,64,15.16422939
251,26,8,128,0.0005,0,64,15.16929913
251,26,8,256,0.0005,0.14,64,15.74089527
251,26,10,256,0.0002,0.14,32,15.41296673
251,26,6,256,0.0005,0.12,64,15.39680386
251,26,6,128,0.0002,0,16,15.10301876
251,26,4,64,0.0001,0.12,64,14.69503021
251,26,8,128,0.0001,0.14,72,15.06117535
251,26,4,256,0.0002,0,16,15.33844757
251,26,8,128,0.0001,0,64,15.05707932
251,26,6,128,0.0005,0.14,32,15.33537388
251,26,6,128,0.0005,0,64,15.3347702
251,26,6,128,0.0005,0,32,15.34467697
251,26,6,128,0.0005,0,16,15.25983524
251,26,6,128,0.0005,0,72,15.3476305
251,26,6,128,0.0005,0.12,64,15.33252716
251,26,6,128,0.0005,0.12,32,15.34858227
251,26,6,128,0.0005,0.12,16,15.2572403
251,26,6,128,0.0005,0.12,72,15.34280491
251,26,6,128,0.0005,0.14,64,15.3407135
251,26,6,128,0.0005,0.14,16,15.25935364
251,26,6,128,0.0005,0.14,72,15.34276962
251,26,8,256,0.0002,0.12,72,15.46369934
251,26,6,128,0.0001,0,64,14.68176746
251,26,6,128,0.0001,0,32,14.68383026
251,26,6,128,0.0001,0,16,14.68698597
251,26,6,128,0.0001,0,72,14.68490124
251,26,6,128,0.0001,0.12,64,14.68281841
251,26,6,128,0.0001,0.12,32,14.6844244
251,26,6,128,0.0001,0.12,16,14.68785095
251,26,10,256,0.0005,0.12,72,15.29329681
251,26,6,128,0.0001,0.12,72,14.68415546
251,26,6,128,0.0001,0.14,64,14.6851778
251,26,6,128,0.0001,0.14,32,14.68427944
251,26,6,128,0.0001,0.14,16,14.68741608
251,26,6,128,0.0001,0.14,72,14.68380737
251,26,6,128,0.0002,0,32,15.10641766
251,26,6,128,0.0002,0,72,15.05340099
251,26,6,128,0.0002,0.12,64,15.06579876
251,26,6,128,0.0002,0.12,32,15.1062088
251,26,6,128,0.0002,0.12,16,15.10325623
342,26,10,128,0.0005,0.12,32,18.30212975
342,26,10,128,0.0002,0.12,72,18.50926781
342,26,10,256,0.0005,0,32,18.43106651
342,26,4,64,0.0001,0.14,32,17.80340195
342,26,10,64,0.0001,0.12,16,18.30184746
342,26,8,128,0.0005,0.14,72,18.35431671
342,26,6,128,0.0002,0.14,16,18.34889221
342,26,6,256,0.0001,0,72,18.30147743
342,26,4,64,0.0002,0.12,72,18.02459526
342,26,6,64,0.0005,0,16,18.41912651
342,26,10,128,0.0001,0.12,16,18.42082787
342,26,8,128,0.0001,0.14,16,18.33096504
342,26,10,256,0.0002,0.14,16,18.30642128
342,26,4,128,0.0002,0.14,32,18.3275032
342,26,8,256,0.0002,0.12,64,18.33022118
342,26,8,256,0.0005,0,32,18.36846352
342,26,8,256,0.0002,0,32,18.33259964
342,26,10,64,0.0005,0.14,32,18.3591423
342,26,10,64,0.0002,0,72,18.40284729
342,26,8,256,0.0002,0.14,72,18.33139229
342,26,10,256,0.0005,0,64,18.41077995
342,26,10,128,0.0005,0.12,64,18.31459618
342,26,10,256,0.0005,0,72,18.38051224
342,26,10,128,0.0002,0.12,32,18.5089817
342,26,6,128,0.0005,0,64,18.43262291
342,26,6,128,0.0005,0,32,18.42558861
342,26,6,128,0.0005,0,16,18.40137291
342,26,6,128,0.0005,0,72,18.43164253
342,26,6,128,0.0005,0.12,64,18.43358231
342,26,6,128,0.0005,0.12,32,18.42597389
342,26,6,128,0.0005,0.12,16,18.40096474
342,26,6,128,0.0005,0.12,72,18.43177795
342,26,6,128,0.0005,0.14,64,18.43077087
342,26,6,128,0.0005,0.14,32,18.42498207
342,26,6,128,0.0005,0.14,16,18.40139961
342,26,6,128,0.0005,0.14,72,18.43139458
342,26,6,128,0.0001,0,64,18.22626305
342,26,6,128,0.0001,0,32,18.22366905
342,26,6,128,0.0001,0,16,18.22381401
342,26,6,128,0.0001,0,72,18.22512245
342,26,6,128,0.0001,0.12,64,18.22686005
342,26,6,128,0.0001,0.12,32,18.22496033
342,26,6,128,0.0001,0.12,16,18.22434425
342,26,10,64,0.0002,0.12,72,18.40493202
342,26,6,128,0.0001,0.12,72,18.22489548
342,26,6,128,0.0001,0.14,64,18.22642326
342,26,6,128,0.0001,0.14,32,18.22425079
342,26,6,128,0.0001,0.14,16,18.22517204
342,26,6,128,0.0001,0.14,72,18.22565269
342,26,6,128,0.0002,0,64,18.36254501
124,26,4,64,0.0002,0.12,32,16.28560066
124,26,8,256,0.0005,0,72,17.5182209
124,26,4,64,0.0005,0.14,16,16.60544777
124,26,6,256,0.0001,0.14,16,16.81048584
124,26,4,64,0.0002,0.12,64,16.29051781
124,26,4,64,0.0001,0.12,72,16.09513855
124,26,6,256,0.0001,0,72,16.80149841
124,26,8,64,0.0005,0.12,72,17.16641045
124,26,6,128,0.0001,0.12,16,16.47275734
124,26,4,256,0.0001,0.14,32,16.53359985
124,26,8,64,0.0005,0,16,17.21557045
124,26,10,128,0.0002,0.14,16,17.06828117
124,26,6,256,0.0005,0.14,32,17.46262169
124,26,6,256,0.0005,0.14,16,17.44154167
124,26,8,128,0.0005,0,32,17.406744
124,26,4,128,0.0005,0,32,16.81289101
124,26,6,128,0.0005,0,64,17.21568108
124,26,6,128,0.0002,0.14,72,16.70525551
124,26,4,128,0.0001,0,16,16.32390022
124,26,6,128,0.0005,0,32,17.19467163
124,26,10,256,0.0005,0.14,72,17.71809578
124,26,10,256,0.0005,0,72,17.72982025
124,26,6,128,0.0005,0,16,17.1587162
124,26,6,128,0.0005,0,72,17.22135925
124,26,6,128,0.0005,0.12,64,17.2171917
124,26,6,128,0.0005,0.12,32,17.19624901
124,26,10,256,0.0002,0.14,72,17.53360748
124,26,6,128,0.0005,0.12,16,17.15864372
124,26,6,128,0.0005,0.12,72,17.2154026
124,26,6,128,0.0005,0.14,64,17.21418762
124,26,6,128,0.0005,0.14,32,17.19300842
124,26,6,128,0.0005,0.14,16,17.15650177
124,26,10,256,0.0002,0,72,17.52724648
124,26,6,128,0.0005,0.14,72,17.21850586
124,26,6,128,0.0001,0,64,16.4848156
124,26,6,128,0.0001,0,32,16.48202515
124,26,6,128,0.0001,0,16,16.4744091
124,26,6,128,0.0001,0,72,16.48357582
124,26,6,128,0.0001,0.12,64,16.48562431
124,26,6,128,0.0001,0.12,32,16.48399544
124,26,6,128,0.0001,0.12,72,16.48499298
124,26,6,128,0.0001,0.14,64,16.48588753
124,26,6,128,0.0001,0.14,32,16.48364639
124,26,6,128,0.0001,0.14,16,16.47372246
124,26,6,128,0.0001,0.14,72,16.48555183
124,26,6,128,0.0002,0,64,16.70546913
124,26,6,128,0.0002,0,32,16.70754051
124,26,6,128,0.0002,0,16,16.70563316
124,26,6,128,0.0002,0,72,16.70493126
124,26,6,128,0.0002,0.12,64,16.70470238
269,26,8,256,0.0005,0.14,16,16.60232925
269,26,8,128,0.0002,0,72,16.11441994
269,26,4,256,0.0005,0,16,16.15751076
269,26,8,64,0.0001,0.14,64,16.17251587
269,26,6,128,0.0005,0,16,16.32779884
269,26,6,256,0.0001,0.12,16,16.03258133
269,26,6,64,0.0001,0.14,32,16.0579319
269,26,10,64,0.0002,0.14,64,16.36145973
269,26,6,256,0.0005,0,16,16.4783268
269,26,8,128,0.0005,0,32,16.27328682
269,26,6,64,0.0005,0.14,64,16.41103172
269,26,10,256,0.0001,0,32,16.36496925
269,26,8,128,0.0005,0.12,16,16.28262901
269,26,8,64,0.0001,0.12,32,16.17481232
269,26,8,128,0.0001,0.12,72,16.24987221
269,26,10,256,0.0005,0.12,16,16.58568573
269,26,6,128,0.0001,0,64,16.12949371
269,26,6,256,0.0002,0.14,32,16.14251709
269,26,6,256,0.0002,0.14,64,16.14560509
269,26,8,128,0.0001,0,16,16.25912285
269,26,6,128,0.0005,0,64,16.31937218
269,26,6,128,0.0005,0,32,16.34544945
269,26,6,128,0.0005,0,72,16.32251358
269,26,6,128,0.0005,0.12,64,16.32088661
269,26,6,128,0.0005,0.12,32,16.3362751
269,26,6,128,0.0005,0.12,16,16.31534386
269,26,10,256,0.0005,0.14,16,16.54563904
269,26,4,256,0.0005,0.14,16,16.21389008
269,26,6,128,0.0005,0.12,72,16.33320045
269,26,10,256,0.0002,0.14,16,16.53866386
269,26,6,128,0.0005,0.14,64,16.31936073
269,26,6,128,0.0005,0.14,32,16.33026695
269,26,10,256,0.0002,0.12,16,16.49746513
269,26,6,128,0.0005,0.14,16,16.30653191
269,26,6,128,0.0005,0.14,72,16.33440781
269,26,6,128,0.0001,0,32,16.13417244
269,26,6,128,0.0001,0,16,16.1398735
269,26,6,128,0.0001,0,72,16.12811852
269,26,6,128,0.0001,0.12,64,16.12850952
269,26,6,128,0.0001,0.12,32,16.13467407
269,26,6,128,0.0001,0.12,16,16.13933372
269,26,6,128,0.0001,0.12,72,16.12945366
269,26,6,128,0.0001,0.14,64,16.12690353
269,26,6,128,0.0001,0.14,32,16.13475227
269,26,6,128,0.0001,0.14,16,16.13779831
269,26,6,128,0.0001,0.14,72,16.12834167
269,26,6,128,0.0002,0,64,16.1556778
269,26,6,128,0.0002,0,32,16.17232704
269,26,6,128,0.0002,0,16,16.18307686
269,26,6,128,0.0002,0,72,16.155653
84,26,8,128,0.0002,0.14,32,16.92326546
84,26,10,128,0.0002,0.12,16,16.78603554
84,26,10,64,0.0001,0.14,32,16.65376091
84,26,8,128,0.0001,0.12,32,16.75505829
84,26,4,256,0.0001,0.14,32,16.66743469
84,26,4,256,0.0005,0,72,16.73405266
84,26,6,64,0.0002,0.14,16,16.75361824
84,26,4,128,0.0002,0,32,16.7546196
84,26,8,128,0.0001,0.12,72,16.77142906
84,26,6,256,0.0005,0,72,16.91559792
84,26,10,256,0.0002,0.14,72,16.77216148
84,26,6,128,0.0005,0,64,17.03620338
84,26,4,128,0.0002,0.14,72,16.76516724
84,26,4,256,0.0002,0.14,64,16.64683723
84,26,10,64,0.0001,0.14,64,16.65480614
84,26,6,128,0.0005,0,32,17.1011982
84,26,4,256,0.0002,0.12,16,16.61503792
84,26,4,256,0.0005,0.12,64,16.7708683
84,26,10,256,0.0002,0,64,16.77835846
84,26,6,256,0.0002,0.12,16,16.83751678
84,26,6,128,0.0005,0,16,17.11524582
84,26,6,128,0.0005,0,72,17.04987144
84,26,6,128,0.0005,0.12,64,17.03251076
84,26,6,128,0.0005,0.12,32,17.10926247
84,26,6,128,0.0005,0.12,16,17.12230873
84,26,6,64,0.0005,0,16,16.92591858
84,26,6,128,0.0005,0.12,72,17.04195213
84,26,6,128,0.0005,0.14,64,17.05744743
84,26,6,128,0.0005,0.14,32,17.11711311
84,26,8,128,0.0005,0.12,16,17.09928322
84,26,6,128,0.0005,0.14,16,17.09839439
84,26,6,64,0.0005,0.12,32,16.87352562
84,26,6,128,0.0005,0.14,72,17.0405674
84,26,6,128,0.0001,0,64,16.81977654
84,26,6,128,0.0001,0,32,16.81683922
84,26,6,128,0.0001,0,16,16.81720924
84,26,6,128,0.0001,0,72,16.81940842
84,26,6,128,0.0001,0.12,64,16.8208828
84,26,8,128,0.0005,0.14,16,12.21465302
84,26,8,128,0.0005,0.14,16,12.21465302
84,26,6,128,0.0001,0.12,32,13.15964031
84,26,6,128,0.0001,0.12,16,13.16674519
84,26,6,64,0.0005,0.14,32,12.56698132
84,26,6,128,0.0001,0.12,72,13.15873051
84,26,6,128,0.0001,0.14,64,13.1616087
84,26,8,64,0.0005,0.12,32,12.47444248
84,26,6,128,0.0001,0.14,32,13.15834522
84,26,10,128,0.0005,0.12,16,12.22932911
84,26,6,64,0.0005,0.12,16,12.56441879
84,26,6,128,0.0001,0.14,16,13.16958618
211,26,10,256,0.0005,0.12,32,19.17948532
211,26,10,128,0.0001,0,16,19.15418625
211,26,6,256,0.0001,0.14,32,18.88131905
211,26,6,64,0.0005,0.12,16,18.5181694
211,26,6,256,0.0001,0,32,18.88163948
211,26,4,64,0.0005,0.14,72,18.73996544
211,26,6,128,0.0001,0,64,18.85144997
211,26,10,128,0.0001,0.14,72,19.14062309
211,26,10,64,0.0001,0.14,32,18.93063164
211,26,8,256,0.0005,0.12,72,19.21414948
211,26,10,128,0.0002,0.14,16,19.25236702
211,26,4,256,0.0001,0.12,64,18.73332405
211,26,6,128,0.0002,0.12,32,19.00491714
211,26,6,64,0.0005,0.14,64,18.55396271
211,26,10,64,0.0001,0,32,18.93142509
211,26,10,256,0.0005,0.12,64,19.18948555
211,26,4,64,0.0002,0.14,72,18.49744415
211,26,4,64,0.0002,0.12,16,18.49910355
211,26,10,256,0.0005,0.14,72,19.19809151
211,26,10,128,0.0005,0,72,18.59953117
211,26,8,128,0.0002,0.12,16,18.98475456
211,26,8,128,0.0002,0.14,16,18.98487854
211,26,8,256,0.0002,0.12,16,18.94639206
211,26,8,256,0.0002,0.14,72,18.93837547
211,26,8,128,0.0005,0.12,16,19.04603577
211,26,8,128,0.0002,0.12,72,19.00042534
211,26,8,256,0.0005,0.14,72,19.18958855
211,26,6,128,0.0005,0,64,18.92610931
211,26,8,256,0.0002,0.14,16,18.94634056
211,26,10,256,0.0002,0.12,72,18.9280777
211,26,6,128,0.0005,0,32,18.92695045
211,26,6,128,0.0005,0,16,18.87931252
211,26,6,128,0.0005,0,72,18.92460442
211,26,10,256,0.0002,0.14,72,18.92666054
211,26,8,256,0.0005,0.12,16,19.23451042
211,26,6,128,0.0005,0.12,64,18.93001175
211,26,6,128,0.0005,0.12,32,18.92732048
211,26,6,128,0.0005,0.12,16,18.87955475
211,26,6,128,0.0005,0.12,72,18.93278313
211,26,6,128,0.0005,0.14,64,18.93124962
211,26,6,128,0.0005,0.14,32,18.93311882
211,26,6,128,0.0005,0.14,16,18.8795681
211,26,6,128,0.0005,0.14,72,18.93091393
211,26,6,128,0.0001,0,32,18.85240936
211,26,6,128,0.0001,0,16,18.84499168
211,26,6,128,0.0001,0,72,18.84852409
211,26,6,128,0.0001,0.12,64,18.85313988
211,26,6,128,0.0001,0.12,32,18.85064507
211,26,6,128,0.0001,0.12,16,18.8458252
211,26,6,128,0.0001,0.12,72,18.84804344
276,26,4,128,0.0002,0.14,32,15.49427509
276,26,8,64,0.0002,0.14,32,15.6657114
276,26,10,256,0.0001,0.14,16,16.16256905
276,26,8,128,0.0002,0.12,16,15.96874714
276,26,8,128,0.0005,0,64,16.12952232
276,26,4,128,0.0005,0.12,64,15.82530212
276,26,10,128,0.0002,0,64,16.10841942
276,26,10,64,0.0001,0.14,32,15.68373585
276,26,4,64,0.0005,0,72,15.43738556
276,26,6,64,0.0002,0.12,32,15.54454327
276,26,6,64,0.0002,0.14,16,15.56337261
276,26,6,64,0.0001,0.14,72,15.3816824
276,26,10,64,0.0001,0.12,72,15.6800909
276,26,4,128,0.0005,0,16,15.85953426
276,26,8,128,0.0001,0.12,64,15.72785664
276,26,8,128,0.0002,0.14,32,15.94347095
276,26,6,128,0.0002,0.12,64,15.79608822
276,26,6,128,0.0002,0.14,32,15.78979015
276,26,8,256,0.0005,0.14,16,16.26735878
276,26,10,128,0.0001,0,16,15.93430233
276,26,10,256,0.0005,0.14,16,16.29617882
276,26,6,128,0.0005,0,64,16.00462151
276,26,6,128,0.0005,0,32,15.97056961
276,26,6,128,0.0005,0,16,16.01762962
276,26,6,128,0.0005,0,72,15.99792385
276,26,6,128,0.0005,0.12,64,15.98839283
276,26,6,128,0.0005,0.12,32,15.97521496
276,26,6,128,0.0005,0.12,16,16.01300621
276,26,6,128,0.0005,0.12,72,15.99163151
276,26,6,128,0.0005,0.14,64,16.00512695
276,26,6,128,0.0005,0.14,32,15.97131443
276,26,6,128,0.0005,0.14,16,16.01315689
276,26,6,128,0.0005,0.14,72,15.99346828
276,26,6,128,0.0001,0,64,15.6352644
276,26,6,128,0.0001,0,32,15.6421814
276,26,6,128,0.0001,0,16,15.64645672
276,26,6,128,0.0001,0,72,15.63467312
276,26,6,128,0.0001,0.12,64,15.63594055
276,26,6,128,0.0001,0.12,32,15.64324188
276,26,6,128,0.0001,0.12,16,15.64545441
276,26,6,128,0.0001,0.12,72,15.63371563
276,26,6,128,0.0001,0.14,64,15.63584137
276,26,6,128,0.0001,0.14,32,15.64144421
276,26,6,128,0.0001,0.14,16,15.64582825
276,26,6,128,0.0001,0.14,72,15.63431835
276,26,6,128,0.0002,0,64,15.79562378
276,26,6,128,0.0002,0,32,15.79206562
276,26,6,128,0.0002,0,16,15.76112366
276,26,6,128,0.0002,0,72,15.7972002
276,26,6,128,0.0002,0.12,32,15.78978634
383,26,10,128,0.0001,0.14,32,18.27911186
383,26,10,128,0.0005,0,72,18.44026756
383,26,10,128,0.0001,0.12,16,18.27342796
383,26,8,64,0.0002,0.12,72,18.13658714
383,26,8,256,0.0002,0.12,64,18.2605381
383,26,4,128,0.0002,0,32,18.16606712
383,26,8,256,0.0005,0.12,32,18.65905952
383,26,4,128,0.0005,0,16,17.71820259
383,26,10,256,0.0002,0.14,32,18.36153984
383,26,6,128,0.0002,0.14,72,18.15049362
383,26,8,128,0.0002,0,32,18.30071831
383,26,4,256,0.0002,0.12,32,18.09679604
383,26,8,64,0.0005,0.12,72,17.98276711
383,26,6,64,0.0005,0.12,16,18.10486031
383,26,10,128,0.0002,0.14,64,18.21007347
383,26,6,256,0.0001,0.14,32,18.24860954
383,26,8,256,0.0001,0.12,64,18.36377907
383,26,4,128,0.0002,0.14,72,18.16643715
383,26,8,256,0.0002,0,64,18.25806427
383,26,8,256,0.0005,0.14,72,18.50653267
383,26,6,128,0.0005,0,64,18.41916084
383,26,6,128,0.0005,0,32,18.39920998
383,26,6,128,0.0005,0,16,18.37947655
383,26,6,128,0.0005,0,72,18.41779327
383,26,6,128,0.0005,0.12,64,18.41912651
383,26,6,128,0.0005,0.12,32,18.39764214
383,26,6,128,0.0005,0.12,16,18.37796974
383,26,6,128,0.0005,0.12,72,18.41659737
383,26,6,128,0.0005,0.14,64,18.41547394
383,26,6,128,0.0005,0.14,32,18.39472389
383,26,6,128,0.0005,0.14,16,18.37897301
383,26,6,128,0.0005,0.14,72,18.41637993
383,26,6,128,0.0001,0,64,18.11335182
383,26,6,128,0.0001,0,32,18.1133709
383,26,6,128,0.0001,0,16,18.12080193
383,26,6,128,0.0001,0,72,18.11129189
383,26,6,128,0.0001,0.12,64,18.11253929
383,26,6,128,0.0001,0.12,32,18.11293983
383,26,6,128,0.0001,0.12,16,18.12035561
383,26,6,128,0.0001,0.12,72,18.11144257
383,26,6,128,0.0001,0.14,64,18.11263466
383,26,6,128,0.0001,0.14,32,18.11325264
383,26,6,128,0.0001,0.14,16,18.12006569
383,26,6,128,0.0001,0.14,72,18.11199379
383,26,6,128,0.0002,0,64,18.15242004
383,26,6,128,0.0002,0,32,18.15106392
383,26,6,128,0.0002,0,16,18.15700531
383,26,6,128,0.0002,0,72,18.14969063
383,26,6,128,0.0002,0.12,64,18.15195465
383,26,6,128,0.0002,0.12,32,18.1507473
144,26,10,64,0.0002,0,16,20.9965992
144,26,6,128,0.0005,0,16,22.57290077
144,26,10,64,0.0005,0,64,22.07014465
144,26,10,128,0.0001,0.14,72,20.29408836
144,26,4,256,0.0001,0.12,72,19.96709633
144,26,10,128,0.0005,0.12,64,22.33341408
144,26,10,128,0.0001,0,64,20.29387665
144,26,4,256,0.0001,0,16,19.96627998
144,26,10,256,0.0005,0.14,32,19.79635048
144,26,10,128,0.0005,0.14,16,22.39524269
144,26,6,64,0.0002,0,32,19.81519318
144,26,6,64,0.0001,0,72,20.40496826
144,26,6,128,0.0005,0,64,22.57115173
144,26,8,64,0.0002,0,32,20.23348045
144,26,6,64,0.0001,0.12,16,20.40483284
144,26,4,128,0.0002,0.12,16,19.91119576
144,26,10,256,0.0005,0,32,20.38866234
144,26,8,256,0.0001,0.14,32,20.52740669
144,26,4,128,0.0002,0.14,32,19.9115963
144,26,10,64,0.0005,0.12,64,22.02324867
144,26,6,128,0.0005,0,32,22.56993866
144,26,6,128,0.0005,0,72,22.56710815
144,26,6,128,0.0005,0.12,64,22.56997108
144,26,6,128,0.0005,0.12,32,22.57422447
144,26,6,128,0.0005,0.12,16,22.56286812
144,26,8,128,0.0005,0.12,16,22.32354546
144,26,6,128,0.0005,0.12,72,22.57002258
144,26,6,128,0.0005,0.14,64,22.57082558
144,26,6,128,0.0005,0.14,32,22.6151371
144,26,6,128,0.0005,0.14,16,22.56497383
144,26,6,128,0.0005,0.14,72,22.58038139
144,26,8,128,0.0005,0.14,72,22.46707344
144,26,6,128,0.0001,0,64,20.35166168
144,26,6,128,0.0001,0,32,20.35271072
144,26,6,128,0.0001,0,16,20.35331726
144,26,6,128,0.0001,0,72,20.3488903
144,26,6,256,0.0005,0.14,72,22.39945412
144,26,6,128,0.0001,0.12,64,20.35200691
144,26,6,128,0.0001,0.12,32,20.35094452
144,26,6,128,0.0001,0.12,16,20.35421181
144,26,6,128,0.0001,0.12,72,20.34963036
144,26,6,128,0.0001,0.14,64,20.35199928
144,26,8,256,0.0005,0.14,72,21.16097641
144,26,4,128,0.0005,0.14,72,21.00483322
144,26,8,128,0.0005,0.14,32,22.3779068
144,26,6,128,0.0001,0.14,32,20.35258675
144,26,6,128,0.0001,0.14,16,20.35210609
144,26,6,128,0.0001,0.14,72,20.35014153
144,26,6,128,0.0002,0,64,20.67396355
144,26,6,128,0.0002,0,32,20.67336464
374,26,6,64,0.0001,0.14,16,16.53324318
374,26,8,128,0.0002,0.12,32,16.69476509
374,26,6,128,0.0001,0.12,32,16.71087265
374,26,4,256,0.0005,0,72,15.87052917
374,26,10,64,0.0001,0,32,16.89271736
374,26,4,64,0.0002,0.12,64,16.59345818
374,26,10,64,0.0001,0,64,16.89153099
374,26,10,64,0.0001,0.14,64,16.88915825
374,26,10,256,0.0001,0.14,16,17.13926506
374,26,6,64,0.0005,0.14,16,16.6742878
374,26,8,64,0.0005,0.14,64,16.56624794
374,26,6,128,0.0001,0.14,16,16.72206116
374,26,8,64,0.0005,0.12,64,16.5707798
374,26,6,64,0.0001,0.14,32,16.54620552
374,26,4,64,0.0001,0.12,16,16.69906044
374,26,6,128,0.0005,0.12,32,16.67663956
374,26,4,128,0.0005,0.12,16,16.54293442
374,26,6,128,0.0002,0.14,72,16.64783287
374,26,6,256,0.0001,0.14,72,16.93366241
374,26,6,128,0.0001,0,16,16.71428871
374,26,10,256,0.0001,0.14,72,17.20100594
374,26,6,128,0.0005,0,64,16.73336029
374,26,6,128,0.0005,0,32,16.71900368
374,26,6,128,0.0005,0,16,16.74510193
374,26,6,128,0.0005,0,72,16.76220322
374,26,6,128,0.0005,0.12,64,16.75644684
374,26,6,128,0.0005,0.12,16,16.67159462
374,26,6,128,0.0005,0.12,72,16.77825546
374,26,6,128,0.0005,0.14,64,16.73931122
374,26,6,128,0.0005,0.14,32,16.72626877
374,26,6,128,0.0005,0.14,16,16.72047615
374,26,6,128,0.0005,0.14,72,16.78681946
374,26,6,128,0.0001,0,64,16.72278595
374,26,6,128,0.0001,0,32,16.71442986
374,26,6,128,0.0001,0,72,16.71698761
374,26,6,128,0.0001,0.12,64,16.7222538
374,26,6,128,0.0001,0.12,16,16.71881676
374,26,10,256,0.0002,0.14,72,17.58687401
374,26,6,128,0.0001,0.12,72,16.71968651
374,26,6,128,0.0001,0.14,64,16.72365379
374,26,6,128,0.0001,0.14,32,16.71525764
374,26,6,128,0.0001,0.14,72,16.71904564
374,26,6,128,0.0002,0,64,16.66306877
374,26,6,128,0.0002,0,32,16.64551353
374,26,6,128,0.0002,0,16,16.57300568
374,26,6,128,0.0002,0,72,16.66981316
374,26,6,128,0.0002,0.12,64,16.66074753
374,26,6,128,0.0002,0.12,32,16.65011787
374,26,6,128,0.0002,0.12,16,16.57537079
374,26,6,128,0.0002,0.12,72,16.66469002
42,26,4,128,0.0002,0.14,64,16.11232758
42,26,6,64,0.0001,0,64,15.89571857
42,26,4,128,0.0005,0.12,32,16.12967491
42,26,6,128,0.0002,0,72,16.1862545
42,26,10,256,0.0002,0.12,64,16.60622787
42,26,4,128,0.0001,0.12,32,15.95905685
42,26,4,128,0.0001,0.14,16,15.96366119
42,26,10,128,0.0002,0.12,72,16.38604546
42,26,6,256,0.0002,0.14,32,16.38204193
42,26,4,64,0.0001,0.14,16,15.70142746
42,26,8,64,0.0005,0.12,72,16.2918911
42,26,6,64,0.0001,0.12,72,15.89631748
42,26,4,128,0.0002,0.12,64,16.11210823
42,26,10,128,0.0005,0.14,64,16.50173378
42,26,6,64,0.0002,0.12,72,16.09864807
42,26,10,64,0.0002,0.14,32,16.34724426
42,26,6,128,0.0005,0,64,16.35493088
42,26,8,128,0.0002,0,16,16.33905411
42,26,10,64,0.0001,0,32,16.21284294
42,26,4,256,0.0005,0.14,72,16.13581276
42,26,10,256,0.0005,0.14,64,16.80854225
42,26,10,256,0.0005,0.12,64,16.79764748
42,26,6,128,0.0005,0,32,16.37169456
42,26,6,128,0.0005,0,16,16.43808937
42,26,6,128,0.0005,0,72,16.36253166
42,26,6,128,0.0005,0.12,64,16.36123466
42,26,6,128,0.0005,0.12,32,16.37959099
42,26,6,128,0.0005,0.12,16,16.44116211
42,26,6,128,0.0005,0.12,72,16.36156654
42,26,6,128,0.0005,0.14,64,16.35889626
42,26,6,128,0.0005,0.14,32,16.38552666
42,26,6,128,0.0005,0.14,16,16.43629265
42,26,6,128,0.0005,0.14,72,16.35864258
42,26,6,128,0.0001,0,64,16.06909943
42,26,6,128,0.0001,0,32,16.07633209
42,26,6,128,0.0001,0,16,16.08721352
42,26,6,128,0.0001,0,72,16.06869888
42,26,6,128,0.0001,0.12,64,16.0690136
42,26,6,128,0.0001,0.12,32,16.07661629
42,26,6,128,0.0001,0.12,16,16.0874157
42,26,6,128,0.0001,0.12,72,16.06800652
42,26,6,128,0.0001,0.14,64,16.06958199
42,26,6,128,0.0001,0.14,32,16.07482338
42,26,6,128,0.0001,0.14,16,16.08757591
42,26,6,128,0.0001,0.14,72,16.06821823
42,26,6,128,0.0002,0,64,16.20099068
42,26,6,128,0.0002,0,32,16.21041679
42,26,6,128,0.0002,0,16,16.20880318
42,26,6,128,0.0002,0.12,64,16.20148277
42,26,6,128,0.0002,0.12,32,16.21053123
59,26,8,256,0.0002,0.12,64,22.15135765
59,26,4,256,0.0002,0.14,64,22.08586884
59,26,8,128,0.0005,0,64,22.0852356
59,26,8,256,0.0002,0.12,16,22.1549511
59,26,6,64,0.0002,0.12,72,22.82780457
59,26,6,128,0.0002,0.14,72,23.02914429
59,26,8,128,0.0002,0,32,22.38858604
59,26,10,64,0.0005,0.14,16,22.30739784
59,26,4,128,0.0002,0.14,32,22.58584404
59,26,4,256,0.0002,0.14,32,22.08348274
59,26,4,256,0.0005,0,64,22.19236565
59,26,6,256,0.0001,0.14,16,22.16828918
59,26,8,256,0.0001,0.14,16,22.6923008
59,26,6,256,0.0002,0.14,16,22.23375893
59,26,6,256,0.0005,0.12,72,22.49295616
59,26,10,128,0.0001,0,32,22.98272896
59,26,8,64,0.0005,0,16,22.86060524
59,26,4,256,0.0001,0,16,22.48162842
59,26,6,256,0.0005,0,64,22.50072289
59,26,4,64,0.0002,0,64,21.79745293
59,26,10,128,0.0001,0,72,22.98129272
59,26,10,128,0.0001,0.14,32,22.9830265
59,26,10,128,0.0001,0.14,72,22.98001671
59,26,6,128,0.0005,0,64,22.93875122
59,26,6,128,0.0005,0,32,23.06116295
59,26,6,128,0.0005,0.12,72,23.00395775
59,26,6,128,0.0005,0.14,32,22.92364502
59,26,6,128,0.0005,0,72,22.98246574
59,26,6,128,0.0002,0.12,72,23.03129768
59,26,6,128,0.0002,0.12,32,23.03209877
59,26,6,128,0.0005,0,16,22.92355919
59,26,6,128,0.0005,0.12,64,23.03727531
59,26,6,128,0.0005,0.12,32,22.94875526
59,26,6,128,0.0005,0.12,16,23.01664543
59,26,6,128,0.0005,0.14,64,22.99619484
59,26,6,64,0.0005,0.12,32,22.1745224
59,26,6,128,0.0005,0.14,16,22.99504662
59,26,6,128,0.0005,0.14,72,22.97987938
59,26,6,128,0.0001,0,64,22.75038338
59,26,6,128,0.0001,0,32,22.7417202
59,26,10,128,0.0005,0.12,32,22.92273903
59,26,6,128,0.0001,0,16,22.75491333
59,26,10,128,0.0005,0.12,64,22.93153381
59,26,6,128,0.0001,0,72,22.74601936
59,26,6,128,0.0001,0.12,64,22.75098991
59,26,10,64,0.0005,0.12,32,22.30705261
59,26,6,128,0.0001,0.12,32,22.74098778
59,26,6,128,0.0001,0.12,16,22.75338936
59,26,6,128,0.0001,0.12,72,22.74523354
59,26,6,128,0.0001,0.14,64,22.75041008
281,26,6,128,0.0002,0,16,17.17484665
281,26,10,128,0.0005,0.14,72,17.69363594
281,26,6,64,0.0002,0.12,72,16.79892921
281,26,4,256,0.0005,0,72,17.29041481
281,26,10,64,0.0005,0.12,16,17.43113708
281,26,4,64,0.0002,0.12,32,16.57588005
281,26,10,64,0.0005,0.14,64,17.45152283
281,26,8,256,0.0002,0.12,16,17.61127472
281,26,8,64,0.0002,0.14,72,17.254179
281,26,8,128,0.0005,0,32,17.67775726
281,26,8,256,0.0001,0.12,32,17.2897892
281,26,4,128,0.0002,0,32,16.96837425
281,26,6,128,0.0005,0.12,16,17.3991642
281,26,4,128,0.0005,0.12,64,17.10459709
281,26,6,64,0.0002,0,16,16.81842613
281,26,4,64,0.0001,0.12,16,16.48363304
281,26,4,128,0.0001,0.14,72,16.77509308
281,26,8,128,0.0002,0,16,17.31631088
281,26,4,128,0.0005,0,32,17.11305618
281,26,6,64,0.0005,0.14,72,17.23501587
281,26,10,128,0.0005,0.14,32,17.63862419
281,26,10,128,0.0005,0.14,64,17.69769478
281,26,6,128,0.0005,0,64,17.45128632
281,26,6,128,0.0005,0,32,17.41243553
281,26,6,128,0.0005,0,16,17.39501381
281,26,10,256,0.0001,0.14,64,17.51067924
281,26,6,128,0.0005,0,72,17.4637661
281,26,6,128,0.0005,0.12,64,17.45979881
281,26,6,128,0.0005,0.12,32,17.41542053
281,26,6,128,0.0005,0.12,72,17.47146797
281,26,6,128,0.0005,0.14,64,17.45892525
281,26,6,128,0.0005,0.14,32,17.40966606
281,26,6,128,0.0005,0.14,16,17.39868927
281,26,6,128,0.0005,0.14,72,17.47109222
281,26,6,128,0.0001,0,64,16.89163208
281,26,6,128,0.0001,0,32,16.89826965
281,26,10,256,0.0005,0.14,64,17.79897118
281,26,6,128,0.0001,0,16,16.9068222
281,26,6,128,0.0001,0,72,16.89109421
281,26,6,128,0.0001,0.12,64,16.89181328
281,26,6,128,0.0001,0.12,32,16.89820671
281,26,6,128,0.0001,0.12,16,16.90655327
281,26,6,128,0.0001,0.12,72,16.89115715
281,26,6,128,0.0001,0.14,64,16.89260674
281,26,6,128,0.0001,0.14,32,16.8974514
281,26,6,128,0.0001,0.14,16,16.90696526
281,26,6,128,0.0001,0.14,72,16.89259529
281,26,6,128,0.0002,0,64,17.11863518
281,26,6,128,0.0002,0,32,17.1389637
281,26,6,128,0.0002,0,72,17.11682701
376,26,6,256,0.0002,0,16,18.57575798
376,26,6,128,0.0002,0.12,16,17.75611305
376,26,10,128,0.0001,0.14,32,18.23303986
376,26,4,256,0.0001,0.14,16,18.46236038
376,26,6,128,0.0002,0,16,17.75647926
376,26,8,64,0.0005,0,32,17.9728241
376,26,4,128,0.0002,0,32,17.84118462
376,26,4,128,0.0005,0.12,32,17.52146149
376,26,10,128,0.0002,0.12,72,18.35705566
376,26,4,64,0.0001,0.12,32,17.89488029
376,26,6,64,0.0001,0.12,64,17.88205719
376,26,8,128,0.0001,0.14,32,18.42750549
376,26,6,128,0.0005,0,64,18.38725471
376,26,10,128,0.0005,0.14,32,17.80917168
376,26,4,128,0.0002,0,72,17.83729362
376,26,8,64,0.0002,0,16,18.31567192
376,26,4,64,0.0001,0.14,32,17.89443207
376,26,6,256,0.0005,0.14,16,17.78466034
376,26,8,64,0.0001,0.14,32,18.02271843
376,26,10,256,0.0001,0,16,18.34140968
376,26,6,256,0.0002,0.14,16,18.57443237
376,26,6,128,0.0005,0,32,18.36579323
376,26,6,128,0.0005,0,16,18.35884285
376,26,6,128,0.0005,0,72,18.39481544
376,26,6,128,0.0005,0.12,64,18.39252281
376,26,6,128,0.0005,0.12,32,18.37587547
376,26,6,128,0.0005,0.12,16,18.35866356
376,26,6,128,0.0005,0.12,72,18.39280891
376,26,6,128,0.0005,0.14,64,18.39135551
376,26,6,128,0.0005,0.14,32,18.37181854
376,26,8,256,0.0002,0.14,16,18.37247276
376,26,6,128,0.0005,0.14,16,18.36098289
376,26,10,256,0.0002,0.14,16,18.20130348
376,26,6,128,0.0005,0.14,72,18.3893261
376,26,6,128,0.0001,0,64,18.15392494
376,26,8,256,0.0002,0,16,18.37119865
376,26,6,128,0.0001,0,32,18.15678215
376,26,6,128,0.0001,0,16,18.15560722
376,26,6,256,0.0002,0.14,72,18.56685638
376,26,6,128,0.0001,0,72,18.15507698
376,26,6,128,0.0001,0.12,64,18.15337753
376,26,6,128,0.0001,0.12,32,18.15682983
376,26,6,128,0.0001,0.12,16,18.15620422
376,26,6,128,0.0001,0.12,72,18.15499306
376,26,6,128,0.0001,0.14,64,18.15583611
376,26,6,128,0.0001,0.14,32,18.15652657
376,26,6,128,0.0001,0.14,16,18.15678978
376,26,6,128,0.0001,0.14,72,18.15307426
376,26,6,128,0.0002,0,64,17.76171684
376,26,6,128,0.0002,0,32,17.75630379
230,26,10,128,0.0001,0.12,32,15.03379536
230,26,10,256,0.0005,0.12,32,14.51108456
230,26,6,128,0.0002,0.12,32,15.02916622
230,26,10,256,0.0001,0,64,14.91559696
230,26,8,256,0.0005,0,64,14.54510498
230,26,8,128,0.0001,0.12,72,14.90930939
230,26,8,128,0.0005,0.14,72,14.70982647
230,26,4,128,0.0002,0,16,15.06680679
230,26,8,128,0.0001,0,16,14.89590454
230,26,6,128,0.0001,0.14,64,15.34665203
230,26,4,64,0.0002,0.14,64,15.16470623
230,26,10,64,0.0002,0,64,15.04507732
230,26,6,64,0.0005,0.14,64,15.01185608
230,26,8,64,0.0002,0,32,15.14803791
230,26,4,128,0.0005,0.12,16,14.87667847
230,26,6,128,0.0002,0,16,15.03241444
230,26,8,256,0.0002,0.14,64,14.77081776
230,26,8,256,0.0001,0.12,64,14.7196579
230,26,8,256,0.0005,0,72,14.54693604
230,26,6,256,0.0002,0.14,32,14.55556583
230,26,4,64,0.0001,0.14,64,16.2038517
230,26,6,128,0.0005,0,64,14.82556629
230,26,6,128,0.0005,0,32,14.8434
230,26,6,128,0.0005,0,16,14.83465862
230,26,6,128,0.0005,0,72,14.79514313
230,26,6,128,0.0005,0.12,64,14.70047092
230,26,6,128,0.0005,0.12,32,14.82963276
230,26,6,128,0.0005,0.12,16,14.78293324
230,26,6,128,0.0005,0.12,72,14.71151066
230,26,6,128,0.0005,0.14,64,14.7336092
230,26,6,128,0.0005,0.14,32,14.77927876
230,26,6,128,0.0005,0.14,16,14.82647324
230,26,6,128,0.0005,0.14,72,14.77251053
230,26,6,128,0.0001,0,64,15.34167957
230,26,6,128,0.0001,0,32,15.36443424
230,26,4,64,0.0001,0.14,32,16.21939087
230,26,6,128,0.0001,0,16,15.37101269
230,26,6,128,0.0001,0,72,15.33882523
230,26,6,128,0.0001,0.12,64,15.34131908
230,26,6,128,0.0001,0.12,32,15.36170483
230,26,6,128,0.0001,0.12,16,15.37043381
230,26,6,128,0.0001,0.12,72,15.34395123
230,26,6,128,0.0001,0.14,32,15.35647678
230,26,6,128,0.0001,0.14,16,15.36036205
230,26,6,128,0.0001,0.14,72,15.35181904
230,26,6,128,0.0002,0,64,15.0178709
230,26,6,128,0.0002,0,32,15.02553654
230,26,6,128,0.0002,0,72,15.01235199
230,26,6,128,0.0002,0.12,64,14.9952879
230,26,6,128,0.0002,0.12,16,15.02818775
198,26,4,256,0.0001,0.12,64,13.434062
198,26,6,128,0.0005,0,64,13.49623585
198,26,10,128,0.0005,0.14,16,13.21841812
198,26,10,128,0.0002,0.12,72,13.35087681
198,26,6,256,0.0005,0.12,16,13.45083332
198,26,10,64,0.0002,0.14,64,13.50951099
198,26,10,256,0.0005,0,32,13.30008221
198,26,4,256,0.0005,0.14,64,13.59668255
198,26,10,64,0.0005,0,72,13.32304764
198,26,4,256,0.0001,0,16,13.43945313
198,26,10,64,0.0005,0.12,16,13.42052364
198,26,6,256,0.0001,0,72,13.44863033
198,26,4,128,0.0002,0,16,13.50474262
198,26,6,256,0.0002,0.14,72,13.42985439
198,26,10,256,0.0002,0.12,16,13.32157421
198,26,8,256,0.0005,0.14,72,13.47983837
198,26,4,64,0.0005,0,32,13.33995914
198,26,10,64,0.0005,0.14,32,13.38577652
198,26,10,128,0.0001,0,32,13.50261974
198,26,6,256,0.0001,0.14,16,13.43861485
198,26,8,64,0.0002,0.14,64,13.47045422
198,26,4,64,0.0002,0.14,64,13.17678356
198,26,6,128,0.0005,0,32,13.4611702
198,26,6,128,0.0005,0,16,13.43174362
198,26,6,128,0.0005,0,72,13.46640396
198,26,6,128,0.0005,0.12,64,13.47502041
198,26,6,128,0.0005,0.12,32,13.46280193
198,26,6,128,0.0005,0.12,16,13.4361639
198,26,6,128,0.0005,0.12,72,13.46987438
198,26,6,128,0.0005,0.14,64,13.46824169
198,26,6,128,0.0005,0.14,32,13.4552412
198,26,6,128,0.0005,0.14,16,13.43904591
198,26,6,128,0.0005,0.14,72,13.46511173
198,26,6,128,0.0001,0,64,13.44971085
198,26,6,128,0.0001,0,32,13.45295715
198,26,6,128,0.0001,0,16,13.4608736
198,26,6,128,0.0001,0,72,13.44963932
198,26,6,128,0.0001,0.12,64,13.45089722
198,26,6,128,0.0001,0.12,32,13.45318508
198,26,6,128,0.0001,0.12,16,13.46049786
198,26,6,128,0.0001,0.12,72,13.45115185
198,26,6,128,0.0001,0.14,64,13.44834423
198,26,6,128,0.0001,0.14,32,13.45259953
198,26,6,128,0.0001,0.14,16,13.46062469
198,26,6,128,0.0001,0.14,72,13.45024872
198,26,6,128,0.0002,0,64,13.43282318
198,26,6,128,0.0002,0,32,13.42267895
198,26,6,128,0.0002,0,16,13.43159199
198,26,6,128,0.0002,0,72,13.43317032
198,26,6,128,0.0002,0.12,64,13.43428516
203,26,10,128,0.0005,0,64,12.32704639
203,26,8,128,0.0002,0.14,16,12.63007355
203,26,4,256,0.0005,0.12,64,12.62770081
203,26,10,64,0.0005,0.12,16,12.32023716
203,26,10,64,0.0001,0,72,13.42098618
203,26,6,128,0.0002,0.14,72,12.64069653
203,26,6,128,0.0002,0.14,64,12.63687134
203,26,10,64,0.0001,0.12,72,13.42023468
203,26,6,256,0.0005,0.14,32,12.31513977
203,26,10,128,0.0001,0.12,16,13.1097908
203,26,8,128,0.0001,0.14,16,13.11165905
203,26,8,256,0.0001,0,72,12.78870392
203,26,6,128,0.0001,0.12,72,13.15873051
203,26,6,256,0.0005,0,64,12.36412334
203,26,4,256,0.0001,0.12,32,13.0223732
203,26,4,128,0.0001,0,16,13.21336269
203,26,8,256,0.0002,0,72,12.36446857
203,26,6,128,0.0001,0.14,64,13.1616087
203,26,10,128,0.0002,0.12,72,12.53691196
203,26,8,64,0.0001,0.12,64,13.29913616
203,26,6,128,0.0005,0,64,12.40739727
203,26,6,128,0.0005,0,32,12.47712421
203,26,6,128,0.0005,0,16,12.39229107
203,26,6,128,0.0005,0,72,12.4652071
203,26,6,128,0.0005,0.12,64,12.41972446
203,26,6,128,0.0005,0.12,32,12.45857525
203,26,6,128,0.0005,0.12,16,12.43971348
203,26,6,128,0.0005,0.12,72,12.44429493
203,26,6,128,0.0005,0.14,64,12.41884327
203,26,6,128,0.0005,0.14,32,12.42533112
203,26,6,128,0.0005,0.14,16,12.45256042
203,26,6,128,0.0005,0.14,72,12.40071487
203,26,6,128,0.0001,0,64,13.15973949
203,26,6,128,0.0001,0,32,13.1582613
203,26,6,128,0.0001,0,16,13.16729641
203,26,6,128,0.0001,0,72,13.15987492
203,26,6,128,0.0001,0.12,64,13.16025829
203,26,6,128,0.0001,0.12,32,13.15964031
203,26,6,128,0.0001,0.12,16,13.16674519
203,26,6,128,0.0001,0.14,32,13.15834522
203,26,6,128,0.0001,0.14,16,13.16958618
203,26,6,128,0.0001,0.14,72,13.1569109
203,26,6,128,0.0002,0,64,12.63781261
203,26,6,128,0.0002,0,32,12.63409138
203,26,6,128,0.0002,0,16,12.65028381
203,26,6,128,0.0002,0,72,12.63790989
203,26,6,128,0.0002,0.12,64,12.63875294
203,26,6,128,0.0002,0.12,32,12.6329155
203,26,6,128,0.0002,0.12,16,12.65106297
203,26,6,128,0.0002,0.12,72,12.63951111
248,26,4,128,0.0001,0,64,18.10414886
248,26,6,128,0.0002,0.14,64,18.52967644
248,26,4,64,0.0001,0.14,32,17.67099571
248,26,8,128,0.0002,0,72,18.91054535
248,26,8,256,0.0002,0.14,16,19.15332031
248,26,6,128,0.0002,0.12,32,18.51984978
248,26,4,128,0.0002,0.12,16,18.28078079
248,26,4,128,0.0005,0.12,72,18.70010567
248,26,10,128,0.0002,0.12,16,19.0956955
248,26,10,256,0.0002,0,32,19.42762184
248,26,8,64,0.0001,0,72,18.24096489
248,26,8,256,0.0005,0.12,32,19.50555992
248,26,6,256,0.0001,0,64,18.57243919
248,26,10,128,0.0005,0.14,64,19.36639977
248,26,10,256,0.0005,0,64,19.55094719
248,26,6,256,0.0002,0.12,72,18.73285484
248,26,10,256,0.0001,0.14,64,19.06841469
248,26,6,128,0.0005,0.14,72,19.0398941
248,26,6,256,0.0002,0,64,18.73139
248,26,10,256,0.0005,0.12,72,19.56780815
248,26,10,256,0.0005,0,72,19.61663628
248,26,10,64,0.0005,0.12,72,19.04958153
248,26,6,128,0.0005,0,64,19.04575348
248,26,6,128,0.0005,0,32,19.02432251
248,26,6,128,0.0005,0,16,19.0079174
248,26,6,128,0.0005,0,72,19.03956223
248,26,6,128,0.0005,0.12,64,19.04486847
248,26,6,128,0.0005,0.12,32,19.01995277
248,26,6,128,0.0005,0.12,16,19.0071125
248,26,6,128,0.0005,0.12,72,19.0387249
248,26,6,128,0.0005,0.14,64,19.04662514
248,26,6,128,0.0005,0.14,32,19.0300293
248,26,6,128,0.0005,0.14,16,19.01337814
248,26,6,128,0.0001,0,64,18.27029419
248,26,6,128,0.0001,0,32,18.26854706
248,26,6,128,0.0001,0,16,18.25788879
248,26,6,128,0.0001,0,72,18.27272797
248,26,6,128,0.0001,0.12,64,18.26906586
248,26,6,128,0.0001,0.12,32,18.26953697
248,26,6,128,0.0001,0.12,16,18.25823402
248,26,6,128,0.0001,0.12,72,18.27560043
248,26,6,128,0.0001,0.14,64,18.27371788
248,26,6,128,0.0001,0.14,32,18.2678833
248,26,6,128,0.0001,0.14,16,18.26286888
248,26,6,128,0.0001,0.14,72,18.27169418
248,26,6,128,0.0002,0,64,18.52722931
248,26,6,128,0.0002,0,32,18.51917458
248,26,6,128,0.0002,0,16,18.51765442
248,26,6,128,0.0002,0,72,18.51998711
248,26,6,128,0.0002,0.12,64,18.52959251
132,26,4,64,0.0005,0.12,64,17.84183502
132,26,6,64,0.0002,0.12,64,17.43617821
132,26,4,256,0.0002,0,16,17.61903954
132,26,8,256,0.0005,0.12,16,18.1289463
132,26,6,128,0.0002,0.12,32,17.29521751
132,26,4,64,0.0002,0.12,64,17.17657661
132,26,8,256,0.0005,0.12,32,18.1428051
132,26,6,64,0.0002,0,32,17.45212173
132,26,8,256,0.0001,0.12,16,17.87140465
132,26,6,128,0.0001,0,64,16.9943409
132,26,10,256,0.0001,0.12,64,18.0596714
132,26,10,128,0.0001,0.12,16,17.66866493
132,26,4,64,0.0001,0.12,72,16.89908791
132,26,4,64,0.0002,0,32,17.18394661
132,26,4,256,0.0005,0.14,72,18.064394
132,26,10,256,0.0002,0.14,64,18.21095085
132,26,6,64,0.0005,0.12,32,18.05072784
132,26,4,256,0.0005,0.12,72,17.81759834
132,26,10,256,0.0002,0,32,18.22103882
132,26,6,256,0.0002,0,72,17.97122765
132,26,10,256,0.0002,0.14,32,18.17369843
132,26,6,128,0.0005,0,64,17.87988091
132,26,6,128,0.0005,0,32,17.91615486
132,26,6,128,0.0005,0,16,18.02772141
132,26,6,128,0.0005,0,72,17.8797245
132,26,6,128,0.0005,0.12,64,17.87910461
132,26,6,128,0.0005,0.12,32,17.9221344
132,26,6,128,0.0005,0.12,16,18.01521873
132,26,6,128,0.0005,0.12,72,17.87309456
132,26,6,128,0.0005,0.14,64,17.87467957
132,26,6,128,0.0005,0.14,32,17.91418266
132,26,6,128,0.0005,0.14,16,18.01756096
132,26,6,128,0.0005,0.14,72,17.88559532
132,26,6,128,0.0001,0,32,16.99246788
132,26,6,128,0.0001,0,16,16.99155998
132,26,6,128,0.0001,0,72,16.99670601
132,26,6,128,0.0001,0.12,64,16.99417305
132,26,6,128,0.0001,0.12,32,16.99501228
132,26,6,128,0.0001,0.12,16,16.99036217
132,26,6,128,0.0001,0.12,72,16.99386597
132,26,6,128,0.0001,0.14,64,16.99424171
132,26,6,128,0.0001,0.14,32,16.99364662
132,26,6,128,0.0001,0.14,16,16.99371529
132,26,6,128,0.0001,0.14,72,16.99635696
132,26,6,128,0.0002,0,64,17.29598236
132,26,6,128,0.0002,0,32,17.29540634
132,26,6,128,0.0002,0,16,17.28555489
132,26,6,128,0.0002,0,72,17.29750824
132,26,6,128,0.0002,0.12,64,17.29686546
132,26,6,128,0.0002,0.12,16,17.28449821